Contributor;Commits
laanwj;1872
sipa;1536
hebasto;1249
fanquake;1203
achow101;864
jnewbery;848
practicalswift;756
theuni;669
jonatack;660
jonasschnelli;584
dongcarl;576
TheBlueMatt;543
ryanofsky;538
luke-jr;516
gavinandresen;488
theStack;422
promag;373
sdaftuar;385
non-github-bitcoin;272
vasild;241
ajtowns;235
glozow;224
Sjors;216
morcos;214
jamesob;209
kallewoof;173
instagibbs;170
gmaxwell;164
amitiuttarwar;163
meshcollider;158
Empact;149
jtimon;148
furszy;143
fjahr;124
paveljanik;115
petertodd;110
ken2812221;105
darosior;104
mzumsande;89
pstratem;87
brunoerg;84
dergoegge;72
cozz;70
domob1812;63
JeremyRubin;60
S3RK;58
sipsorcery;50
jimpo;50
josibake;47
w0xlt;46
naumenkogs;44
kiminuo;39
martinus;38
rebroad;37
stickies-v;37
jarolrod;36
NicolasDorier;36
jl2012;36
btcdrak;34
aureleoules;33
muggenhor;32
CodeShark;32
dooglus;29
andrewtoth;28
gwillen;27
kazcw;25
dexX7;25
casey;24
icota;24
kristapsk;23
mjdietzx;23
eklitzke;22
troygiorshev;22
mruddy;22
dhruv;21
danra;21
dgenr8;21
0xB10C;20
wtogami;19
harding;18
willcl-ark;18
AkioNak;18
prusnak;18
benthecarman;17
l2a5b1;17
Bushstar;17
emilengler;17
mrbandrews;17
elichai;16
klementtan;16
john-moffett;16
scravy;16
super3;16
sdkfjlsfjlskdfjlsdjflsjf;16
jb55;16
kdomanski;15
skeees;15
brakmic;14
skeees;14
Michagogo;4
