Contributors;Commits
mvines;3984
dependabot;1993
garious;1659
jeffwashington;1520
CriesofCarrots;1168
jstarry;995
jackcmay;882
sakridge;763
dependabot-preview;687
t-nelson;673
rob-solana;657
carllin;534
prooksprumo;510
behzadnouri;508
pgarg66;508
aeyakovenko;421
ryoqun;301
danpaul000;274
depenabot-support;237
sagar-solana;224
Lichtso;209
ojshua;164
haoranyi;159
yihau;154
apfitzge;152
steviez;150
taozhu-chicago;148
samkim-crypto;130
steveluscher;128
dmakarov;128
joeba;119
yhchiang-sol;103
joncinque;101
lijunwangs;87
axleiro;80
kirilllykov;73
jbiseda;71
bw-solana;65
brson;53
sambley;48
ashwinsekar;44
willhickey;41
ilya-bobyr;37
sunnygleason;37
xiangzhu70;37
parthadesai;28
nickfrosty;27
jackson-sndland;26
fanatid;25
ryleung-solana;24
rmshea;24
ericlwilliams;23
rlkelly;22
macalinao;21
diman-io;21
jdavid103;20
alessandrod;18
eltociear;18
solana-grimes;17
terorie;16
ckamm;15
bji;14
mark-solana;14
markjr94;13
seanyoung;12
svenski123;12
tredondo;12
arrowana;12
im-0;12
rajgokal;11
joshkauffman;11
cogoo;10
TristanDebrunner;10
roederw;10
ngundotra;9
jacobcreech;8
kevinheavey;8
skrrb;7
2501babe;7
ryan-shea;7
nick-brown;7
intokusatori;7
aaron1011;7
sebastianbor;7
scriptrunner2049;7
manuel-calavera;7
ruuda;7
michaelh-laine;7
kevinji;6
mooori;6
antonok-edm;6
burtonqin;6
microwavedcola1;6
dr497;6
pathoam;6
losman0s;6
rtviii;5
github-actions;5
buffalu;5
jordansexton;5
