Node;Stake;;;247424142.6
NodeID-EZ38CcWHoSyoEfAkDN9zaieJ5Yq64YePY;3000000;;;
NodeID-APrWZpt6HP8qQjvLR9R64BcskxsCfJD6Y;3000000;;;
NodeID-Fg3L1eo53UWpf3J9Y45PK2ksQ1zyqajHL;3000000;;;
NodeID-C3aMR9tsKqTNQra8FbqpFkMgHV5DtuJGx;3000000;;;
NodeID-LL3tKdbQ9qCDRMm4cif2pGsxGDXsNNzBp;3000000;;;
NodeID-7pDhCWQKNrpCjTL6tB7uNvBUnBQ5amgob;2999999.99;;;
NodeID-P6pnhwbrATbNUU2GXcEYCkfryyoBNHyoW;2999980.26;;;
NodeID-BLjWtGBQU3PxgBSMvhiGxHGZ6Scn1gyyB;2999611.09;;;
NodeID-84XTAh1VM9QmfdewNnqFVhz2kbjrFvK4Y;2965936.33;;;
NodeID-6w8o4bbNdVLscimLv4X6BA7QuSqX37TFL;2930027.66;;;
NodeID-5LGFWx2kfwMZXpyG52FkRtrfYfVRimjh5;2823449.85;;;
NodeID-4L5PbNUmQg4kFeyVV4XcySrfgG922vrRN;2823376.64;;;
NodeID-CW1oWgrfSJVz1mbyBGF1qk74XHRQ5vNhF;2819508.04;;;
NodeID-HDZNxDjV5pMCWqQ3k3ULfAKDoPXrepZ3v;2793280.76;;;
NodeID-Jr2wjVqKeLpnyK23Y4EgDpCBf1HJ8XpJg;2785093.96;;;
NodeID-KCQARVq1pjYw31EPSaW9571giKoFH498X;2645850.15;;;
NodeID-hc8RkA8JQsqVHjB3XYzJCKmSeDjbZiSb;2610394.67;;;
NodeID-41G32TrnmUaVZUbWBSA6oyUZLCJoz3m2V;2607977.86;;;
NodeID-2zzp8nVwqw7ssQsMXniESwjwpZYMzeFsa;2605305.85;;;
NodeID-34HkMQ1oU1vf7wNpzY9xWCiazE2tGhyJs;2603953.66;;;
NodeID-DrijBGc9SonJrGUwex3vXtzzEGW3cB5DY;2595353.01;;;
NodeID-5zWQQHoMSd29NfKUMziBuccvtt2aahnHH;2592906.77;;;
NodeID-7LNdeGcBz3QGPzJo4QkVVJxKxLrBmqz9m;2572659.62;;;
NodeID-HHVArJKAdivWLR7kzzJuXaxrdqYH1y8Zy;2561765.97;;;
NodeID-5AzNzec73Pth9Acw6jVd2BYZWyY5KjV6y;2534172.69;;;
NodeID-NHPnCahuSwKS8D6xqVwXN8PgWD7WaYgcX;2525504.31;;;
NodeID-BtPauDeR52DaiZeBXuJSvRWaFnNhVFMSf;2500312.2;;;
NodeID-GCL85wyq71aw2FMRTct2PJ2F4qGQL7WH8;2475212.89;;;
NodeID-N4vaumNTt2kixxUTtWEBgy4vwsxnuahc2;2400402.24;;;
NodeID-D5yA7HbEr8AJ4yzwVZXsDtb4xhKkTRz73;2377978.1;;;
NodeID-5cL4dSEdWWKnzZxvg1rqen4M31YeZhFkf;2361905.89;;;
(Genesis Entities) / 060;2249880.99;;;
(Genesis Entities) / 059;2215554.65;;;
(Genesis Entities) / 084;2100775.08;;;
NodeID-2WfvcQumS36rdyubDSioc8B5YinToKAaf;2064396.64;;;
(Genesis Entities) / 081;2000303.1;;;
(Genesis Entities) / 088;2000000;;;
NodeID-77cf68EUcw4pSLJcvjBNNgxUtxNoTHjNX;2000000;;;
NodeID-4o17gdHmyD1dWGxwez5KqKdyLDfiYmPX9;2000000;;;
NodeID-TgaMGAEpkXKAisumnnmzzRzVkexbSkB7;2000000;;;
NodeID-8e5R9yoryWwUCYDxqKdV3PNPAFme4nZMX;2000000;;;
(Genesis Entities) / 085;2000000;;;
(Genesis Entities) / 087;1984182;;;
NodeID-Ha5u99aoKUdNdTdomp8bQcWHUw8PSF7em;1941996;;;
NodeID-PD54wi24ENhbBnKKhoD68MGXCDc3A3iA8;1901106.52;;;
NodeID-3DwhPYMEQABuocceWDAZEpi8GMcLyvTYy;1885569.68;;;
NodeID-FVgkUobMuUBABuMA2KngEsm2SG9XLGvdW;1776185.32;;;
NodeID-HTGR42bzrh1ifLr91VquVKHsQVU15wiyR;1714417.3;;;
(Genesis Entities) / 086;1656914;;;
NodeID-KH9WnxfcrJLod4JWXHxESehVTAqE5DoLy;1644724.2;;;
NodeID-8GBxP9aLxyfopP6BcYqTSMwvwNg3Lfokp;1634760.5;;;
NodeID-EjJCGURmZ76FsztnHPZMn7AvwSDZXZhsV;1600030.31;;;
NodeID-KRAcashX1MWv1pWqHrNzrU6PWV7nZcKpm;1600000;;;
NodeID-9czFqw5FRq7WhYyf9SBSfq8wsJ1f82m53;1600000;;;
NodeID-62hEBGiabBK34vV52kGT64T6S9QVcdMVN;1576666.98;;;
Ça suit son cours;1551206.27;;;
NodeID-8UynAEU8PuuGetmjiiPcbGmvD3EyycuN6;1548174.08;;;
NodeID-Le5rVEBBPdgYEcEJpvYeKo36hRs75WE5S;1541703.98;;;
(Genesis Entities) / 095;1500193.91;;;
Allnodes / TasMania;1459935.72;;;
NodeID-EqBR9F3QBBrTQTN7CDN7sDEUsDGDdMYps;1458717.18;;;
NodeID-LSoyHgtuX8UGyfz5ydHePK1aXXpSEakUZ;1410137.2;;;
NodeID-69vkfdsq14i5HZSd6m2kUwRAu59ePbeWw;1370805.54;;;
(Genesis Entities) / 091;1361515.59;;;
(Genesis Entities) / 096;1359011.89;;;
NodeID-7AnwdDA9QLTgTwzKoFL7j9wsBvourjD3S;1358309.76;;;
(Genesis Entities) / 092;1357216.4;;;
NodeID-6hAyZe6HS7qKuSuZthSCXeRAMyMPhkouU;1352059.37;;;
(Genesis Entities) / 093;1351654.85;;;
NodeID-2JZva9683sZuXueZvphJfBnZLd9JTmy13;1311803.78;;;
NodeID-313g6SGRoJXgCh4wVo8YpXyhDqkKVG2hs;1307139.86;;;
NodeID-4VQeJ5K3TejLn5xe8Fh819n6cKHZmbDeq;1306087.67;;;
NodeID-BY7yuHu5p3ACidFwi64tUTuEhwi5nQBga;1300000;;;
NodeID-C9Bcji6rXUp22qyWhvYKm4v45hJAkzvpU;1291062.52;;;
NodeID-3kUUeZB7umtaENekUfWxa1bxrAU2eq1AD;1247339.43;;;
NodeID-DVh35F3R11HAAxzeSTbk3eR9w2BzPrJQt;1245242;;;
NodeID-Bom5dUsayGwdagVLoNNxe1t1FFDZXGGK;1235412.83;;;
NodeID-E14zCEsVh4oxzcWUVrs7kFGA8ffrhYvNn;1211621.12;;;
NodeID-2yrtwg1pRGi9jB6ayaXgpNbMTeGHUyofw;1203545.23;;;
NodeID-8UyGqUcXpdfBbfZ7mBFs8o18y83jeaMyp;1178169.99;;;
NodeID-BTybEYu3y8aW54EK9SSivLUYn2fiCosjD;1153926.17;;;
NodeID-KcCxyypJ5m55f17fbuzkKqeotY64DScum;1143904.63;;;
NodeID-MVRcFZmxaMJWedF4oVqsxT2YYkX3kSuGG;1135943.06;;;
NodeID-DaKj4jkyyCN4B5zVW65krECqpjxYGUFzX;1131889.71;;;
NodeID-5mmVqScHrzTiSa2WVjo99g2yzL83EBS6W;1029688.43;;;
NodeID-Mdpo4kYtg8eqn61AhjTrZ51exnHLJmcpA;1026889.54;;;
NodeID-K2fyNZcrWA4DBUNyFme4pNshAgSw2YSSL;1025430.24;;;
NodeID-KZnxZckzgz9eQWzB3iuvM5GC2QdJLE5yv;1023026.53;;;
NodeID-B4EU3Tk8BsVczMpkPtJAqS9FSYxNjYNBz;1023000;;;
NodeID-KZLSjb8umvkj4nUVdARnY55NBKQcYfVV8;1021155.55;;;
NodeID-9Lyd45k1mXNkksF2C3nwgCJRX9YY42FT6;1018399.7;;;
NodeID-EMETD23g2Bne8CuQKyR8HB15KWomaAuFe;1017294.86;;;
(Genesis Entities) / 050;1015083.35;;;
(Genesis Entities) / 027;1013433.64;;;
NodeID-BR8ysKTDMKpwbgH9fsfCdVQWMsniMQBWp;1013267.86;;;
(Genesis Entities) / 028;1009744.21;;;
(Genesis Entities) / 014;1004884.03;;;
(Genesis Entities) / 051;1001165.11;;;
NodeID-zbFM8qH7MnQ8uo6rm4tZaq6vhbF4cpgt;993244;;;
NodeID-DAMYbaM35qcXWvuEKt6spGK6EzVKDJUkT;988191.92;;;
NodeID-KQfghSuT1CskYLvgrQAt6oxUQU7ask2QS;976342.94;;;
NodeID-3yiw3g5Rer7repmzoJaATJpkf7GnWD5j9;966741.21;;;
NodeID-4CL8XnuYqfVVLxRre5C5A1dpRv3cZN2Zs;944714.26;;;
NodeID-LydNf31SmNLztbKL7iNsHXPhnKxz7g3Cw;898446.35;;;
NodeID-AwmHrKdtkhnuEVY5TvbwxVksQ8dWd4a1P;892569.7;;;
NodeID-RSzGBBq5w69Gh14hRTVUQ3AR2WnErtGq;882121.26;;;
(Genesis Entities) / 005;877693.23;;;
(Genesis Entities) / 042;872525.1;;;
NodeID-GjYkDpBkCueF4vTkZVdtq3yFiMJha2XpF;863638.95;;;
NodeID-793wJG3RHeLFVCXkNTQxsM1pSUHNyDyMv;861582.39;;;
NodeID-Fe3121hoArBshDTJEEeMeJTNW6HcLXxT1;824253.43;;;
NodeID-2hoNSdthtVU9RE6g4VJ7Y6tGdWm3s1PKN;806730.55;;;
NodeID-Eo31HyvvA1Madeagm6U8CM376cEfgS4Bj;792000;;;
NodeID-HuPCfRaLN2cXoXDYyi8GYvjATLDmNJMHs;789473.68;;;
NodeID-KGYVGbz1pbyuJpujtJAkXhSY3AtLqBG2Z;781957.73;;;
NodeID-KXuvoHe9KgzW6KfVNHXW4CUNunzWDDC4M;776653.02;;;
(Genesis Entities) / 025;768000.57;;;
NodeID-vV5S1LUtAxCWq9ASiDSjZpX88y2WcFGM;726000;;;
(Genesis Entities) / 033;723398.65;;;
Allnodes / Tranquil Grizzly;721513.76;;;
NodeID-3Kw1H4pXQpmik4wfkjeMxdhrUxAkdq753;710858.23;;;
NodeID-4cuTK1XYjm1VMTitd4MPBcwZ7LYyiqjfd;708103.94;;;
NodeID-LxrJtyQXpdweZH7LR3ujcEQZJ9VDTW3tC;707536.42;;;
NodeID-9eH3Zu7LN7kNwvUy3Am8mkgvvekrkxD6d;702553.39;;;
NodeID-JPvThCax26E5wEh4HSpjhfbfGn8LnvGx8;693000;;;
NodeID-49LTjmBTcdjMyD33u7gKkfREPqEhhfPaj;692430.65;;;
NodeID-PVm9UudEC7N6HJ3jus5KJ1Rufck88g1Dt;680026.42;;;
NodeID-Nz93c8UB78eEVVtfxpcecxHmiy2gZ4iAi;671700.61;;;
NodeID-6AXAfsfvp25QX5Tff6Ag6ERLXQ577wurM;660000;;;
NodeID-3iXKmHPAMgJa7z7pGcPpMC6pAmx8fjM1q;660000;;;
(Genesis Entities) / 007;651485.29;;;
NodeID-6Aed6k5Zj6vffgNdvr29Z9VcdDxk5PoMq;642505.18;;;
NodeID-9S8duheEvrp7gKW4qLLrWVCnC2wvo39w8;630082.5;;;
NodeID-9iGXJ935QZWkp5j2v6KNSTr8b45a7Xbfs;627000;;;
NodeID-9tJaF6mjrwczuEZk3oQRJsB2AzPk7QFHn;600850.83;;;
NodeID-EmRTfxEKTLpzTyWJmYTXVxyGr79bsv4Bp;588273.4;;;
NodeID-7hQFksPPW1Y5hZukNcQn6bTQjuTZPnj42;587546.8;;;
NodeID-QCkFTaWJg5ixVhZoNbePxzs9HWrTutVy4;585071.97;;;
NodeID-BHPTN8HM5xA9HNiwUPceNa314kh3YnDpp;581396.31;;;
NodeID-EPqYJkZ7knGWY2TNe4rxRtNgkqc6spyDC;552831.65;;;
(Genesis Entities) / 101;546054.19;;;
NodeID-77kWbGy45j1Scbvgh5z3zhoUBL1S3qjAi;545518.34;;;
NodeID-Q5rNbr5yFwotdbeRPGeTagHP1hbHYuaJg;541672.23;;;
NodeID-PYecKsWbPTayLsHDdopKjB1Mw5NP3kDUJ;537157.75;;;
NodeID-HRZAiPM3BaZJpAq9jy3UME2EGsrv1ZMaa;531544.87;;;
NodeID-7t5yL3rJ5JgME7vxa8em5sUNTPeYfmMop;527571.88;;;
(Genesis Entities) / 002;527475.61;;;
NodeID-7khC7aRLU5i5FhYcsxT9rLkRGYWRQL1p3;519418.8;;;
NodeID-Ds3ri3EksrtyjtAJ3RbX8Wku19LRdKTti;508189.82;;;
NodeID-EaEUnvUyfTr19uMW8g51bvFXfi7r9xL1W;507713.29;;;
(Genesis Entities) / 035;497177.91;;;
NodeID-5zENHPe3oP2SdU13oTAvxZA2cEupejYhD;496775.96;;;
NodeID-6rJMJqgEbTGJCv3hBzDaY3axQ3Fq98yFX;495000;;;
(Genesis Entities) / 031;495000;;;
NodeID-Lai2VTTYk897ae9uq6cGk9FbhKD1KHvFS;487950;;;
(Genesis Entities) / 024;486884.35;;;
NodeID-HoC4UxP4UuJyda7MZs5jUkZRk8Rfj3pzD;482547.72;;;
(Genesis Entities) / 001;475514.97;;;
NodeID-BjoNuhod6yNfMJJDJgyfNWWRBUG38ZPCs;471562.23;;;
NodeID-EvdPJG2AAVGCP2s3543KDx1LZ1g5SiH2Y;463443.76;;;
NodeID-7wyu3EXASVzsJpRPoqhssRWdmTWa6Fycd;441404.39;;;
NodeID-AbfdkS6u8F8kxh2pPuK32KASNK4sSr4QR;435547.64;;;
NodeID-MyeSQZnEZDzTfFFQvxZ5qqfqVDwg15NPB;423419.76;;;
NodeID-MikkG849wcdpBdeUJ2HTV2gTEDfeXWseg;421814.48;;;
NodeID-2HvkjoRiMzEcZgpWKNAruLKNv9r7Lb2pv;408099.16;;;
NodeID-5HkCsXm4TQUb9uXxM6Cjy1WzvuDSspPui;405025;;;
(Genesis Entities) / 055;400912.13;;;
NodeID-HdG8EdGWAy8LR8YPA8hndoa1uwwgGv1si;397639.05;;;
NodeID-GqAFdJgTYtJnC5BzuGVE1qqwh69opFzyf;390752.26;;;
NodeID-CZRwtJDY1KeQspzxqmHfSdwvhA8xAeV9K;388882.58;;;
(Genesis Entities) / 003;385917.41;;;
NodeID-F6QBpEsQZXXqtW8PxZRm3Znx4fVaAr5Sf;378010;;;
NodeID-NNyxDSovcVYmXHacSM8aK2pg67oPjkRrE;352424.1;;;
NodeID-EvZXX2K2eVEV7n6Y8cnmeSRgj4JhkCVad;349670.11;;;
NodeID-7LvgVzHX6jsppFQggdZmcgcvbp3pRm3ue;347871.42;;;
NodeID-KCX4L5dr83TbmBnE4UeFtzGeE2NSLskt8;341991.87;;;
NodeID-5eogZcASu4bDhWxMuUF6h7VFK5SCt3msp;334125;;;
NodeID-KtJLagoYnWfw2oBnRki63NcguiGjuA2Cr;329237.63;;;
(Genesis Entities) / 012;328316.94;;;
NodeID-KvBcQpCDXbb3w8x7ktMhsx6rCq8eSYcd3;323382.54;;;
OmgSuperKrog / Ultimate Validator;313520.89;;;
NodeID-5QV9Tg6tKyGVWcEQM7vmAvac5w3f9wtp9;307237.34;;;
(Genesis Entities) / 063;296326.54;;;
NodeID-PfY5X2GWsSaj8y6usEji4HZmokHHdWsqi;293164.91;;;
NodeID-34QP8d17f1XjB778dCTCsBfjL3T4PeMAf;280902.92;;;
NodeID-FEtgjYGndfWGzLZELTJJoikpSobjVKTjk;279098.57;;;
NodeID-Dy47rtrYr4eiyRTSnbaFi8KZVnR56XrUC;270417.67;;;
NodeID-G7kG9MRuLaJuMLopdfnWEKUPQp54qc2T3;268728.47;;;
NodeID-3YkLrm1D9MqZ6K4YTwaQkt1NBb6wP9Ldx;264000;;;
NodeID-2rsWfeyECbxExQUEcrok2ff8d3tDz74PJ;257291.53;;;
NodeID-FBpqJd8iJqDk7QpLTWCFV4KiCnFaFQ6LR;257000;;;
NodeID-J4NNvkEUScCLYG4aN7eW5RYx15vSCHrui;256694;;;
NodeID-8TArWpFgH3sazEH8qP4gUjtGtFMvjw1aR;256197.44;;;
NodeID-DpXBTEP6ZCmm5bgBbv2rb6MzdRovARVhi;253759.3;;;
NodeID-PG8TiBeDenummzCUcWSNsoJ61PezxApYs;250000;;;
NodeID-DvE7LMqVtcZZG5qN4YUJaERaxBujtKbhT;250000;;;
NodeID-8rEmSGNj5VW2HUjGYMyynpWTYJuDrMpFE;249907.36;;;
Allnodes / Fluffy Chough;249757.76;;;
NodeID-LRBqzoj2mB8eD4AHE2oCTBziNdssTfxuf;249451.17;;;
(Genesis Entities) / 038;248351.55;;;
NodeID-DoTTJmp8cmERizJdYQGFsPVFgZPJxfcis;85948.67;;;
NodeID-GFpbV4ApFkQUxfVDcaYmv6MLPRmszT7pP;85758.58;;;
The Grand / 001;85752.95;;;
NodeID-HUhV9p89bxuTcQ19x827SaL1eX7tg5zgk;84678.7;;;
Allnodes / Brown Heron;84608.84;;;
NodeID-6iDj4CGyfiZjKF6RqFgfvfZgqkiKiNT7Y;83965.57;;;
NodeID-JRNiPWVdV7Vq7MzBmAQB4jekNTfvRAedj;82632.61;;;
nordcourt.com / Thor;81581.71;;;
NodeID-CgbgB1UFpUESETV1CVGDM17bE9JA4tVHK;80000;;;
NodeID-BxzE2rHWw4hBSTVqP17p9earG4qYKpCwv;79807.5;;;
Allnodes / Prickly Mink;79793.71;;;
NodeID-KwWsJneoQZaVzUaUjjkKDj44BxJqoXT7D;78639.46;;;
NodeID-G36seLQVfXnaUgaNobbSWg8anRta2WUwE;76960.06;;;
NodeID-C9CJ3oVhdeLf2Db71JPuzvEUKjy3BdoAA;75915.12;;;
NodeID-C9FY2J7xE6f6sGSaThsmcWva6FU5y5Qi5;75595.2;;;
NodeID-CYdCC4uTyAmEHW2CNB6oivzBtzqJn55mS;75000;;;
Allnodes / Fluffy Mink;74957.5;;;
NodeID-24o2u5XNQzS4cP3Wh2krGHChfoTLwJ9u7;73662.25;;;
NodeID-g2LFFdkWJjZi4554GBNprWUepqKxm;73353.75;;;
Allnodes / Hungry Walrus;73284.49;;;
Olympus;71430.44;;;
NodeID-Gx4oY9nZmAzJrHUfobrmuK9LrJhwejykC;71090.23;;;
Join the rocket! Very high uptime great staking fees! / Validate to the MOON;67775.59;;;
The Alchemist / Stake ;67070.3;;;
NodeID-KVB8F5Gy8adXA2zCg3i3m3qJ23NoCDDiA;66601.81;;;
(Genesis Entities) / 008;66000;;;
NodeID-7seuWZpGnhEox3dL8T363sghDtCT5UNp4;66000;;;
NodeID-5Uf5RUZ89pWtYj4Sgc7pxf1mkq2f4EEMW;65032;;;
Allnodes / Savage Octopus;65025;;;
NodeID-BTUXn6xfxjtA8P4nXYHiwEJpso9Q9t8FZ;63887.87;;;
NodeID-Aa6HmCaYwZzNoNXRf2xd1aqgtaWdnnryn;63660.37;;;
NodeID-Baof3ssuxMwMHxd3RXpNwiWmRdskL3hLD;63090.52;;;
NodeID-N95GoeyiprvxNj6E3G8QvYg3gpQ7x8NKE;62800;;;
NodeID-AGEnkaodYJksMTnwS8LHHD2X7MDQBSMJU;62502.25;;;
NodeID-N1ZQvBrWWmu5TryPdQphR3mcxNouZoaL7;62436.79;;;
NodeID-7JijGwmqUuditkaCwdcCAr4Xc6AAMy89A;62291.63;;;
Zero One Validator;62269.75;;;
NodeID-NrVSfY4zCbPjYTe4XPjmQB7qLJhYW3V6h;61098.1;;;
NodeID-Nom39tjDi1Vf51VxuaZvJiDeQHwbyg6MU;60303.59;;;
Phoenix / Digital Cleavage;60000;;;
Allnodes / Cute Ram;60000;;;
NodeID-B9o1a3g4PFp4JWyMJxRv2nvnWHsq1rSvC;59875;;;
NodeID-4GFFG65jrNUU3X6vsZKgUhmz5iCG21nyS;59619.23;;;
NodeID-9iuMMyL7LZyUxMK9s735hcRng58bSj3gw;57175;;;
NodeID-HvUBEqBfzHJPKbktYKD5y438yTYMroMrw;56065.58;;;
NodeID-KfPXTUa3haWHCr1z91ULmY9Pit4VwUQ9C;55000;;;
NodeID-CDjuct2YS1o4d14nHtszWmyVUmFjo6AHm;52603.23;;;
NodeID-LXCSfcmd7p7LroJzJtYoSAhbsawe47CNk;52332.92;;;
NodeID-7g7qvfKvRXmPZAxhBMfj8XCGuWVVHexHe;51945.38;;;
NodeID-BMaQ42mVapxbCcX2RLPRTeRW3th91XdaX;51478.12;;;
NodeID-M77VJM2GfeAzueJ6DjumoM5enZma86Zop;49954.75;;;
dilbertt / dilbertt2;49907.98;;;
NodeID-NxWWrAZTb7qytsHvC32Y2NfPFeKfEzW9s;49832.92;;;
NodeID-AZPULN7CsYdfSq1zepSS3CZNhxJsU3a4n;49750.36;;;
NodeID-KQocfzJn3D4V4gBGPYsUB9Es7nT28Atvq;49700.02;;;
BLRD / Asuka;49415.56;;;
NodeID-4bKCgF7VcG9ZtcfMwAVFfBJoh2xDgvz1j;49286.97;;;
Staking Alliance / STAR;49217.55;;;
NodeID-7rXi72Jm76kAKUi6BiyJChnAm9xuKrud9;48737.56;;;
NodeID-9D33RPjZwKx3gV6MVs77z4uPJcKgqy4ns;48734.81;;;
Allnodes / Strange Okapi;48407.3;;;
NodeID-Cr9DwgpG5pMSmah4NUibH3ouuBpMJpVXo;47400;;;
Axe of ACryptoS / ACryptoS;47356.87;;;
NodeID-9odH3Jbw7uPuRrbaVkVoYeitdzwX6o69A;46944.27;;;
NodeID-FT14SNRwuQ8CSicdj1G3N8YhF91Zr6st9;46274.35;;;
NodeID-Bv1zHw7jsH86Pgc4uoG67TGLkwrYaNtHo;45850.64;;;
?nordcourt.com / Odin;45676.67;;;
NodeID-MarwjkBssASPi2eiriyviUF2raEjFMWf5;45547.2;;;
NodeID-Pd9BpMyGRrnHsBrTJGpThWj6njPLnUBq8;45220.98;;;
Fiberblock.io;45000;;;
NodeID-CFoWfGyYw9HPuDK79fjor9d96S9wLAbpR;44965.5;;;
NodeID-2yC7fWX23kGjCd7ytqGzQQcRJf7xaj1N1;44730.49;;;
NodeID-2KfgS6P7vf9L55fMRTbHPgS4ugVSDW3nj;43966.7;;;
NodeID-Cn4ocmPe1Hqo29RyYCC1QXr8b763Wpw92;43472.36;;;
NodeID-7sXynCg221J72LZwnZVc1AQuovuoZTinw;42765.35;;;
NodeID-CBPbPrYDbghbAP4RLSCQr7bHQqHWh1c9Y;42070.67;;;
NodeID-JDH5gzcB2DTfbEokaFU7EvpLN7E1RHzpH;41958.32;;;
NodeID-HHQ4BFhNMVJwMz8b5tenWtkzdcSYvonmi;41836.06;;;
NodeID-6gAC5LaDoT9EWJezcQ7ijFjcsYa61Atdb;41578.51;;;
NodeID-9ELLTibk4vvvY8VTHfBWFcprBTFa8kAJy;41567.9;;;
NodeID-FkHyxMuq6DGNLdQtMKiLzhQQuwjSCqwHj;41140;;;
NodeID-WrL5pKhhp8e2YLp6h1e62NBUPhuR6pGa;40975.24;;;
NodeID-DqqpR7tQ3goBbudggakvzYs2K9TzR7daR;40948.2;;;
NodeID-4BPSaJpNyz8ghMbEnXjwvkmXYSdd1zq3t;40704.41;;;
Allnodes / Furry Woodpecker;40075.87;;;
NodeID-AwBfjtuNZk2Cu8wmQjYsNipqWK6nYMnv2;40016.09;;;
NodeID-E7y9pDbyYecgLszBEyywWYFCF89wmT7qj;39990;;;
Allnodes / Sly Quail;39981.49;;;
Allnodes / Slow Pug;39884.3;;;
NodeID-76KcZZBhWfiWuFqrx21KyeBHdXxsaVyX2;39657.7;;;
NodeID-6pXaVajr1G1nj8Z4rEXisGUajXGcFPh14;39153.28;;;
NodeID-7HgUf4o1UiEGh2Z2tWp2erbkn5JaXYYZG;38804.95;;;
Allnodes / Sly Seahorse;38780.71;;;
NodeID-BYwDFtBnr9GCqXEpspXbYBLDgN2N7Kvpm;38635.56;;;
Coinbase Cloud / Coinbase Cloud Public Validator;38400;;;
NodeID-KQvbFjGxgnCXrdh7CShNEj4gcuvU97c3Q;37762.23;;;
cryptonote.social / c.s ;37650;;;
NodeID-6anRg13mVkUeZmpjf2Mm41sug56BH7Jof;37529.24;;;
NodeID-GhUSE8wcdouEgd3xeCvmYhmevkdNetfXk;37322.19;;;
NodeID-7rE4BjdFpwUk2igXEeauKaZT8mCjkt9Hs;36625.84;;;
NodeID-J3hSnidWXiVhw5byxdgvEwy2ewoUsWYzK;34965.37;;;
NodeID-EsEPWtpufYKngPEhSnJH5ofiSegQSxLcy;34333.39;;;
Chorus One;34280.42;;;
NodeID-5RuEXmu7SJpf8bwuY17UpMpoEsGZRWnuj;34146.57;;;
NodeID-Lga7mB6EfqgSJv4VTPaUwDjEtq6utiNQH;33751.46;;;
CederNet Node;33198.09;;;
NodeID-7ciXBVhiTyiymkqVdXqwdERrijz68k5YP;33004.33;;;
NodeID-EtDwJYgMnGtCY8E93KN5McTLbtDDEzQ9g;32401.24;;;
NodeID-KC9tasJTftYR2SYdNcPRF6XJGng6gBYcw;32299.43;;;
NodeID-6LRbs1K2iPGmhn1EBbX8u2udyPbUt5S5x;31767.39;;;
NodeID-Mf3rZ5w3aEtM1bzRBwFqhZYZMwks6FYF5;30949.64;;;
NodeID-8DATrHc26qgbZRascenqWbNfBA7g8zG3w;30810.63;;;
NodeID-KLiUDfG672VocEHwbAwGxxFdCHovg1Zp5;30215.74;;;
NodeID-VT3YhgFaWEzy4Ap937qMeNEDscCammzG;30005;;;
TasMania / TasMania 2;29616.09;;;
NodeID-BvpPGydG4inQCbkwRZ3nPMp1zAGToUTxz;29475.19;;;
NodeID-F4BRUiwRgtSYGdSfysx8z1HhKKZZdairq;28149.96;;;
NodeID-Mn2isVXFR85bfjMHPM1DT8EY8wig7YhTW;27500;;;
NodeID-P4vmDd3jMeY5VgdQrXbKikSw2BMcSzHVY;27079.31;;;
NodeID-Lp887ddQT84DG8ub2kfu19RuzAJKzriSu;26985.88;;;
NodeID-DFUyhAzXyYi3TUaQYBvm5cezyEaREeSYB;26940.36;;;
Jaa / Mew;26920.22;;;
NodeID-ERqtQoJiza7yxV6eE7hW3FvEE4fW3ngyw;26899;;;
NodeID-KkZX7xaSAUZ2sGBwpGWLSfLRER4pzR8Fs;26034.4;;;
VII;25400;;;
Allnodes / Savage Goldfinch;25383.08;;;
NodeID-L6MwdnCDs69eZBXJJZ4jw4ZHW3CyZahyK;25325;;;
NodeID-C6fd6GFYMnbD44LpZR6AuddMDRXTvR5Nn;25000;;;
NodeID-GHomCXMMRTSPRZrrxEULYPFHHXEhb7qvY;24858.43;;;
NodeID-7ULxX37k6SSaTX3oF5RdrxL9r5aGZu75M;24164.26;;;
NodeID-6w8NN8PeYXnpxojbo73BUUXq6tDmV6hzr;24024.04;;;
NodeID-NJZWC8HxGtLkxjQk5F9KSG44WC3gCm8a9;23871.63;;;
NodeID-LTM3DRAzRtWoWHVtB58s5CohXKYexiqVp;23602.82;;;
Allnodes / Large Crocodile;23429.27;;;
NodeID-2eBu8RjbvCFTZMcxu1oh2oKtfHT7V4zyM;23390.39;;;
NodeID-4sdTVB59mtXepPnFRZGdCJ7UP7r7KUFhW;22985.22;;;
NodeID-TzsHrNrY8qaAkg9MPAmJd7LfzCUDjvzi;21920.44;;;
NodeID-AvYo16nRcdMuFmsEps6STb7faiRoCRgHx;21897.09;;;
NodeID-5PxpmHkfB3gNh3spZWuzEKis3DJ8WKxLt;21875.72;;;
NodeID-JkjTJNKyJwjEfxdfgQhvrUuf9x3ovpQBs;21645.11;;;
NodeID-6FWuMoDyCe1gsmeQj2RsGBmYv1hoGUbzs;20994.29;;;
NodeID-LipfGbsoMMiq4M4XXCTYu8jrE8Cry;20963.24;;;
NodeID-FHGwnPLGdU3FBzbwnhayx1sDjxiiyb9sD;20656;;;
NodeID-AdSMHubbQcGeJYMcY9nufaieoYjh57uzp;20317.97;;;
NodeID-76GDFDnZW2ihXCsum843HEDmrvcVuMDZ5;20107.75;;;
NodeID-i9uQjR8P5Wzd1wTLeALkZ2oXqKjMKQbs;20005;;;
NodeID-EpU1DGKMMvDRtag9u9G7uwZHRsJF5NodL;20000;;;
NodeID-3FhRFK6UxSfMED5EkK7jZT84pFZy9f17D;19997.89;;;
NodeID-7sTpQZFCZVzhLTugv8PKhNE8tdQ394LRo;19909.56;;;
NodeID-HEgtwtVGrfBtM5id9kFVFd5gpBiCX8NwZ;19573.81;;;
NodeID-G2QLjCA9S7nb8EKNHGNnGAn5G66nTbYzK;19285;;;
NodeID-M6JKUiqqfA45c1ZBzj7qRptVfZbYJ83y2;19114.64;;;
NodeID-z3rX3CnWLi5KBXQ8nVB4W8NnLNdUBcPD;19000;;;
Allnodes / Funny Octopus;18626.75;;;
NodeID-LJBZ5j8beyjdcnVdNk5fwtThNn4LokYpV;18604;;;
Ankr / Ankr02;18271.13;;;
Allnodes / Thievish Meerkat;17635.16;;;
NodeID-ACMpxS8rnwkAA4JfCUm4vNoWQaznNCqGV;17484.19;;;
NodeID-6eRhQYJdXsrHqWmRqyUoTUoScosRLuiCZ;17326.04;;;
NodeID-6aZ3KyGBPTcn6NF9K2jpvxTjhhDjks3Ev;17232.74;;;
NodeID-FKt2LtT1x1P8n2VQ4PeaAPt6gBRLcmQkU;17201.45;;;
NodeID-CeaG1icxFWcMkTzsqQjpwt82nePJrk5gZ;17196.97;;;
NodeID-L8Lm8ipAKXdQM9Z6gfT6wqnA4sHXywHU5;17012.21;;;
NodeID-JFMBphfETbxfarEkQBHw1RSpfoFhdhUSR;16978.23;;;
NodeID-KJfoYJrDRXdmLaaaaRMjNbNKAwqSj3pWT;16809.19;;;
NodeID-6rjd7h5dPJwVEytA9zm86ZBfqEfBuSjKi;16807;;;
NodeID-DURbWL2uihCGio2uxzvym3qPy4YdTQGy3;16499.29;;;
NodeID-LRZj1hzPVyxyC5BK5uUmiDy8LmAY9mWCj;16397.72;;;
NodeID-8e56qLz5wyBwLpsxSdTsTXAM5ZMrtNYm1;16292.46;;;
NodeID-N5sEQsg9jrMUQhSwfZJaxzRqycSdMyWbu;15925.52;;;
NodeID-8hgUHRTZiM4oEDCsfTV76XfSYiocLHaYQ;15836.6;;;
NodeID-94CDXgCTFRPKPDmK55UcfG8KqVQfy4QsV;15748.9;;;
Allnodes / Heavy Peafowl;15715;;;
NodeID-78AgRS12yGaHvUHGWosSCg6E3NQW3ToEF;15706.71;;;
NodeID-3kGMSCRnasr5CjsgNm1D8FbZnY4C5iNRE;15502.35;;;
NodeID-AuqWFe8yzJxPgaZShBZpa3AhEnKT8SmEk;15189.96;;;
Allnodes / Pert Wolf;14809.63;;;
NodeID-HuX48ot5DUFy5zvYdCaBmuxUf7P6oduUh;14596.43;;;
NodeID-9diNHpdevyHjLt948A1ZLfmdqRRvjcgBe;14505.43;;;
NodeID-4fMYp1bs9zH6JkQC8fowceNe81yR13CZu;14215.76;;;
Allnodes / Sly Seahorse;14192.55;;;
Allnodes / Pert Chameleon;13998.22;;;
Allnodes / Tirannical Gorilla;13990;;;
NodeID-EbCJw8FTX9h54G8RNGtyrL5JnD62ixmE7;13609.45;;;
Allnodes / Proud Whale;12882.07;;;
NodeID-72VBCaJrN7UqM1tQLjfhTuXwoGUxPCUvz;12828.53;;;
NodeID-71taHoSLZsm1Aqe4spXKJvNXw3o7982Hz;12600.21;;;
Dilbertt;12496.93;;;
Max Yield Staking / 2% Staking;12375.61;;;
NodeID-MrGm83LnY7pRQCQz9mG5TTpRWSBgNhDr;12350.15;;;
vestedstake.com;12202.76;;;
NodeID-PaSvEqWq5ZESHSuNGTZeQL6sybzsQzoZ5;12138.36;;;
NodeID-6J3LY7ojkK7WCZzmArvxEozaESDMb42hX;11937.24;;;
NodeID-E1c6FEFavQ1RiaNARpxGx4sWnXAGh2YHN;11902.13;;;
fs0c1ety / fs0;11700.33;;;
NodeID-BRRp1FdWN4PepbmQNUksWPsRJaZ1mFP7q;11696.29;;;
Codelink / Room40;11579.05;;;
Allnodes / Cute Hummingbird;11529.18;;;
Oyden / Snowman;11505.89;;;
NodeID-6tFZuxRu7t4SGkWuAiNvUJy9pMTsZt4sC;11430.24;;;
NodeID-GsftLcaaxzoc6FRXMe1S1Rdqm7rq3CKQb;11304.05;;;
NodeID-NSngpSyxjXz3ErfjsFoc6CpfVPLxApJen;11247.77;;;
Allnodes / ToNio le chauve qui boit du mauvais rhum;11110;;;
NodeID-JWRFL3w3x2xjxYZGun74vRjNofTw4Gpd5;11050;;;
NodeID-JGjHvyUTJVeCEPiNeLGdiZieFyx6wZYZT;10943.56;;;
NodeID-8WvUBZyrk6XyF7pvcg3NJZk8jtJGi1W9G;10896.06;;;
NodeID-ChjgtCzFxwhCYQGsUzGHUUTi9nFYrLsXh;10599.83;;;
NodeID-5HFD1MWdssEth5WNboxY8LkY6EENwLfmP;10522.8;;;
NodeID-4V2KBeNd58jdBXej3ohL8E5d1bNTTp4tT;10511.95;;;
TamilChain;10189.57;;;
Allnodes / Predatory Octopus;10005;;;
NodeID-6FSSZuuLEZ4sHJZGfpY4Wuz8M3qnK6ec5;10005;;;
Allnodes / Crouching Leopard;10000;;;
Allnodes / Allnodes??2;9998.25;;;
Allnodes / Large Ibis;9995;;;
Allnodes / Allnodes??1;9987.37;;;
Everstake;9956.81;;;
NodeID-BV4rWj5AXy9sitixa8Y5ZpLGCKhu2c6Ma;9793.38;;;
Defi Kingdoms / Urja;9751.88;;;
NodeID-P5q5numCvCNo6GmD8vhDqq1tU25Yok4Ky;9739.97;;;
Allnodes / Sneaky Pelican;9705.84;;;
NodeID-AFtmZMo4p7AZVenJtT9D2Tbk1od5mrJge;9693.95;;;
NodeID-3PJY4Rpb5BRR3xSUvuU5Dj3cyHcAmzfjD;9622.12;;;
NodeID-JDS6pq6tZxZxePaDc77TvrmNnY5HBUNX4;9620.42;;;
Allnodes / Shaggy Cormorant;9593.6;;;
NodeID-6oBNaAUr67MFY9Gtu4eis7bsGY1RswvAR;9450.26;;;
NodeID-1JZW5ZTiUmUioMEXV5fYLVpVZwBAJwc8;9444.76;;;
NodeID-LKPvVELtRehiZPQo3aSWuch123JpA7H48;9302.76;;;
NodeID-MGJcpxBEXDn2Yk94uTXQwxgmYtuX6Ky99;9300;;;
NodeID-BqtSwNPmkfSi5W3Zz7CRffeLmYrUYuEmJ;9295.9;;;
Allnodes / Frisky Worm;9222.31;;;
NodeID-9dhM1zG3atcKhiwhjRHZEEsvYBNM9wj6;9195.13;;;
Vicenode / OrionDeimos;9090.86;;;
NodeID-6QD1KNQkx6wj142Tv6demd3FYbghQvCM2;9069.58;;;
NodeID-4btZGj8TmrycK22kwgBK5wJEFighAFWiZ;8990;;;
NodeID-5aQHgP4cTuyentoPz9KK3y2anCBYyG7tG;8891.18;;;
All Nodes / Gentle Reindeer;8855.21;;;
NodeID-28ttF2hG5kLDPP9bsryQ7xJAVVgnicFzH;8764.72;;;
NodeID-8TXq3f5WiXqZuyQWF3Sa7ncoW3YRRaevh;8699.92;;;
NodeID-Js3ahWihoTLJWTrWzpth9mttniJNuyoki;8555.38;;;
Allnodes / Martial Badger;8511.91;;;
NodeID-Ffh3UfBYLouumUQgGuFbSTBbD5wLXn7xG;8372.01;;;
NodeID-APLSFg8Fs5Nf5WyF7LqEdx5jVZb5pnMRY;8356.5;;;
NodeID-3pSYSkZy99npP3NS1UfES7beUM1y84EjP;8199.54;;;
NodeID-9oP7KmQjtxi7rK5GKmRXFNuNpPmr2vzfw;8156.9;;;
NodeID-4wfnHavdidc1uWiX7XhodFuy6ebhec55N;8155.14;;;
NodeID-F8VWioW7dC64159mMhswhzpkHxnB34cjS;8111.43;;;
NodeID-4N3nrq5A5gGDdVHAtu6HerKWeoZQqJAae;8086;;;
NodeID-4S23jqYCu3UVaNWYj4b2k4wLUpk6M2Qm9;7994.7;;;
NodeID-GxUaibkyR88sErviW2WK3ukDJsT3DFpoU;7940.07;;;
NodeID-JXT4uEeTEuFcEEgRZYFusfRm8c5iH3rqj;7862.17;;;
NodeID-F1qvuNMn9XBXSjv9iWyyMGfV2PQ2Na7KM;7781.3;;;
Polkachu;7743.82;;;
NodeID-La6E2YrNp7V3jKkSfXQKp4BjDJMjmo7v;7740.69;;;
NodeID-NJdfYQ8NUzA3TBU1eN3YaCzu7m65uat1s;7688.49;;;
NodeID-DubFcCS6jJHDXhpBZiK3uh9e3KM527ejq;7682.28;;;
NodeID-NJEMjhox1bgchkroL1E7cHz876fb9fi9;7605.61;;;
DragonStake / Doggy Elon;7595.81;;;
Allnodes / Flexible Boar;7586.34;;;
NodeID-FKGhEFYnHUdFadoR2ePvdTTM5Sz8tgjHp;7534.91;;;
Regenerator AVA1;7525;;;
Allnodes / Cheerful Turaco;7414.91;;;
NodeID-Aua1pVxQsWLvTTf8bNVw2ZCA2NfogNqiE;7348.56;;;
default / The poor's node project;7219.45;;;
NodeID-CL3N5kkR7HsmVtKavcuofwQGgMNjppY4N;7207.66;;;
METHEUS / Gummi;7170.68;;;
NodeID-Dbf2zdJeUXfi3bFzmjhJTSgyME2o8iEaY;7165.5;;;
NodeID-MAg11ijmoZunT94rEdvxhmQToJzgH4bYj;7158.17;;;
NodeID-2Q8DS1hgPgsaMB1y8VqmxeworYJ2h2Ubt;7140.19;;;
NodeID-Csjk2fvz46pcvk1NxUyo731TXEvYGFFqZ;7129;;;
NodeID-LAk2MapcDFFxS7HZ9KeuwxPhdCD3YtZDm;7078.12;;;
NodeID-NM4TqtwBrzwpE957MoUitfrZtqv7Qp8tH;7025;;;
Allnodes / Dominant Tamarin;6990.26;;;
NodeID-GMoxCucPFt2LPSpTh5hPbDPAp71fiV648;6958.6;;;
NodeID-LG2NYC4RxxzCG4zFGWoAwSo4U8mjMux1f;6949.51;;;
StakingDEX / secp256k1;6912.77;;;
NodeID-NaGEfmLttvK5r93aqaoxLKoADVcs2HASy;6779.53;;;
NodeID-PmJQ7UjZo5db9XL494EbbEufAbYxqWswU;6744.87;;;
NodeID-7XrrK8iL25SJfWrrkyz3gZSo2t5iEadvL;6742.13;;;
NodeID-jz1mR5zZukizoZEZ1Wa17h18Kou1Rfzt;6582.17;;;
NodeID-AacEcF52pED15Kid1ZGFBAi2iorRme8jn;6581.56;;;
NodeID-QBowbP1jz8zA86CtSzRwsFsxr5q1rY6pB;6541.38;;;
NodeID-BJTip339hEcVzpgyNqzERhfjMc6sUFabj;6448.51;;;
NodeID-7JhqADAwFJK76paa3ZdPCzcRnJsQiQ9NN;6433.57;;;
NodeID-MvaTEF23GZ2EoY2ngBkkJT3Vz4eHV8Ubr;6419.86;;;
Shifty Cheetah;6418;;;
Allnodes / Slow Lion;6382;;;
METHEUS / Crepe;6302.55;;;
NodeID-GrdNhWZHBdMZKF9xWAjGMqMqGieSkmnSX;6292.64;;;
NodeID-643Sjdbh4n7krQXPSNbSK491xfVbh3hqy;6248.49;;;
NodeID-76aM6YLahpfsYn2RkKaKeqVVuRsksV7PV;6192.47;;;
NodeID-P5hTsAQgfSLJumMDVDK2773U4gjyPtYnr;6175.16;;;
NodeID-HampaaUVCoGtR32oic9Jx1rFE4zqK6ZWB;6158.39;;;
Allnodes / Thievish Hippopotamus;6131.87;;;
NodeID-3Krnc5Evt7EsPL7c8B6WsfqssrxF3wzok;6105.81;;;
NodeID-4SvFyvJPHPYvkMnJqBaNcwr5yuU8sCsem;6081.72;;;
Allnodes / Independent Rhinoceros;6068.42;;;
NodeID-2UXMFjdXTw96iQHNL23PxH2hcLJUxnWic;6061.49;;;
McJigs;6057.91;;;
NodeID-PMGyPdRXPKRPRiWXAqR3XqbAHke2gNDUe;6010.83;;;
NodeID-DLwFM6gfY5wWfHHMf5tC1NjttQqxZq7gr;6000;;;
NodeID-6rtV2pPKXyf2Ek7nWnmuzdiXvk2Ma3ynn;5965;;;
NodeID-Pv5X1dBk1wfZJwRqm8Aj9QecxvA87r31j;5888.52;;;
NodeID-MMemzZih83vtU6TRK5oiJt6bJpNSWm1uE;5824.21;;;
NodeID-GPPLU2WvZ9jJyu8sS8CxfVokmAsKTB35v;5791.21;;;
NodeID-6mRmWBQmMyFzSD75SJzjx4VmToenpMt5u;5775.27;;;
NodeID-AFnD2mSUo1cB9HSMxGT9hQREHX6V2aCmm;5756.42;;;
NodeID-FEUSZzFmjF2JyrniKXksGfRjkQUH5R4eH;5736.55;;;
NodeID-HTG7W4VHoGJBUTip1gKXzXGtEBhiW1DXT;5715.91;;;
4SV.io / Summer;5694.75;;;
NodeID-DceQxAzA4nCGFm9BKa1PEJ4c1zwx3YLuu;5691.73;;;
NodeID-BHsQhBq2NYN4YYB9t9VxoxcL2xkCD4zPj;5678.06;;;
NodeID-JD7uY4kjDwkxg51NANXzpFXgnaB6W1PdC;5543.81;;;
INNDO Capital / SpaceMining;5508.23;;;
Mahof;5425.59;;;
NodeID-JYoS8akGmcoeLq4kxpxfsPJxwi3UWeXu2;5350;;;
UrsaMajor;5334.57;;;
NodeID-Q56Zem6SxLJf3TcKi93516MYLhyB5C98Z;5304.85;;;
Tessier-Ashpool SA / Villa Straylight;5288.77;;;
NodeID-9NEeo3Ayq5qGodBbMZ1gdCQ4bmGH59BBo;5263;;;
Allnodes / Agile Cricket;5259.25;;;
NodeID-LqLgyDEyMbd1uXfRa6kf8EPjnRhpF4KCF;5235.81;;;
NodeID-BvhXwyXbkzW2QhYj9AuJFFGhG2teVxiP;5230.53;;;
METHEUS / Ebisen;5226.79;;;
NodeID-EEipCNkeRgfvwiDHbaBdQ2WeRnsRVSH7P;5223;;;
Cadabra / Pascoa;5215;;;
NodeID-JCT5WWZVaKqcMNDXuuYm3Gpgah9TpKevV;5192.57;;;
NodeID-6HMVzsEJDtspxznVTYNLpj7ypJNZ5osBe;5161.62;;;
NodeID-6UMb71Emubx62ZEsNBPhhuEzZdqgGpKZY;5135.14;;;
NodeID-F3b5mj8PWnMP53hFbfGNxkiXpbK6tPyDU;5130;;;
NodeID-6pShVkG6mZsinZNWZr48xvQSuSnmnyh5o;5071.68;;;
NodeID-3ViTS5vVn4uLoQQ5d7Qs8mF5eYvgQcLQe;5031.13;;;
NodeID-NtDMBzQGPnp7suCbyCMcdE2CFU4JXcvwX;5031.04;;;
NodeID-2EH9c6NwjHLZLWC2Ah3vekv3XUwcup62L;5027.7;;;
NodeID-K1JfVJnvPQ9ThN4FUqU2iyAQywjx1Gf5K;5025;;;
NodeID-4BQYSFMqtFcjNgwS1bQgLnzvoKqqMx18E;5021;;;
NodeID-MosoWEmvVk76rDa6bthAW6sTMayUhzXdm;5016.72;;;
Allnodes / Small Shrew;5000;;;
NodeID-9bmxQyFJCrENbZgmMdy6xXorVN1RL5qWY;4996.92;;;
Defi Kingdoms / Shavas;4916.91;;;
NodeID-BvDJUkrDJotTxgZi96zsEe6iYQBLtz958;4881.27;;;
NodeID-2F2gRAyyVkaNC7jtPzJ4zgcQh64QyMkvx;4836.72;;;
Chorus One / Chorus One Validator 2;4808.14;;;
NodeID-ENVLrMxGASHtaUzByLn6yHghemACa8Q62;4806.71;;;
NodeID-8dVis8Q9RyoU7fRamF6VhcCksGwCnATFG;4804;;;
NodeID-sAyLfHTC8ZQRn5HtfjNKxXDbnZTaJUqa;4793.22;;;
NodeID-2VxFgkcv8MAcLCNSDsr7niAp4LBcvta3Z;4785.98;;;
NodeID-FapbxinG8eCCXzZQKCjxicKcXijmnKzD3;4763.84;;;
NodeID-Bw6s9DYKi2V9jRqNmaheGGg2Wz2Dv7DQo;4753.27;;;
NodeID-duaNgYtghtCRzj2rkiRDDs51BPX8CCjn;4750;;;
Guardians / ChainGuardians;4724.2;;;
NodeID-2sspVTzGYqTkeiQeBsdFKv57gWpLg6Efg;4703.4;;;
selcuk;4700;;;
HEREDOT;4685.98;;;
NodeID-DvCdC1yWp8a9NNLBR7agvTV4YNmJY7zb4;4683.59;;;
NodeID-AoU4gTzEVKVmopKx7s9hKXBbQ14VYyAcc;4634.37;;;
NodeID-J1CD2Nw1eX7iNUVw3iXjFJkUgrSm9qbm6;4626;;;
P-OPS Team;4618.23;;;
NodeID-CDWH8BqQQiA9FahuipLr3dA7HweYuQzfD;4599.09;;;
METHEUS / Donuts;4582.01;;;
NodeID-GujHWE263qNN3MjEYhEeAQdPpQdhHquLJ;4537.11;;;
Allnodes / Strong Octopus;4526.61;;;
NodeID-MvfTRb81PAx9AHYxbz5xACaoG84PM7YQe;4525;;;
NodeID-E9cBEoCDBGi6qFGcW6bfFoyhWpq6Vc57Q;4511.78;;;
skullz.city / Skullz City Nodez 01;4504.05;;;
NodeID-CY9BmJwkVatHX86Pt3Fkxts1QoKTovyAs;4500;;;
NodeID-3apJBgXVGfU3LPcjzt17QVAmrJTgjDRMJ;4498.58;;;
Cadabra / Natal;4484.19;;;
NodeID-NZv6zL77VMYdBmbYMjzn4iikP3MURsv8F;4461.49;;;
NodeID-m5iBK4pXKKqjoz3s7dKeDAM32nyh79uo;4450;;;
NodeID-L3SyWrZH6uorqgExkkmGuXPx9neqELqXA;4449.45;;;
NodeID-2jnJ9jJrW2EULmCCNnZz88HHCAQYo1Bja;4427.8;;;
Laurent / [PARIS];4383.33;;;
NodeID-8JYJVijgzBsSTK5EUsXitrMEYNGkqeba5;4366.15;;;
NodeID-6LQ4bFtUPfyVqPvrq7iJvZQxwHfiuefD9;4358;;;
NodeID-4UUMEwzjxYMddS6nqMCNYxy5oCVyH2Pzf;4341.62;;;
Avatlon.net;4335.3;;;
NodeID-ANQn6yF5HqoipSTWowYpMjyiHifhewv5y;4334.04;;;
NodeID-AQ7LhoqqTig7NL45vidnpTyQ9p7vFLPCd;4301.52;;;
NodeID-BmKvEFG1hXNQ52rPBTXwQ3ZxEmcCmxXZx;4238.37;;;
NodeID-CgXPRNG5FeVSz8qC31u5UDpZ51pJ2mN2X;4236.95;;;
NodeID-DpwJ1uaLSpSqKu8ZTa7XpmFp5BuBYN4Ns;4227.09;;;
Dominant Eel;4205.16;;;
NodeID-9eA69GtUJFRrkUfCLz2DjSaWQsxssfz1n;4204.67;;;
NodeID-3o5ejvitEcvsGfrrPvKroAihP4pRy2aoU;4201.47;;;
Codechiper;4200;;;
Allnodes / Graceful Parrot;4186.64;;;
stake2earn.com / alexDcrypto - stake2earn;4159.36;;;
NodeID-7KKSDmFVJ4YXsdcnxjDnV4girXR32yRni;4138.75;;;
NodeID-PczCXQXPxNgeKy3P4jtAt1ycvrjvghVw1;4130.01;;;
NodeID-32JAXT6PVdHqpvDuXXHfWrFLXg8oZGqiv;4097.55;;;
NodeID-FbShYzQde1YRoYRggGVSt471cjyouGyq2;4088.49;;;
NodeID-GKBykzpxeALzYee1fGQjFn6oZiA18W26m;4065.66;;;
NodeID-GW7CvXwkPFDsfFHrix1SA148NHF5ZnSXs;4064.88;;;
NodeID-GimK8MrGCsx1yy1rM8gAmsjkhjYshLNDh;4035;;;
NodeID-3d9Tivs87ZYmGUJR1WmaxSgdUTiYALvGC;4035;;;
NodeID-313smMDWYEfxUK9VJsyiSRd6hs9kbGRf3;4022.3;;;
NodeID-NRaiD1wfnZR1RwTv5tK3u2A2XwB1o6XeR;4010;;;
NodeID-MEXRioEnwqJ2UueEYGKC8XiEDYdWpzk4A;4000.71;;;
Allnodes / Shifty Coati;4000;;;
NodeID-LKbxWKUAE7s5dtGWhm4Cr8hsosDxLsNzu;3982.48;;;
NodeID-NCVrEpmYjJBHqj9vx9r5usFiMd1PooCfZ;3980.35;;;
NodeID-NxzZe138M8B3MQh7N9u4qetqMS5ViAgqV;3973.77;;;
NodeID-HDXjAjk4rG42HXey7gzQPx6dMBfpWeh5k;3935.23;;;
NodeID-NNWrYMQgNFRNbvwAUA8grXiAVVE9VEyV6;3925;;;
NodeID-NcSLm9skkUrfA9mKGjdtmT163iDjqAw6H;3924;;;
SnowFlex;3910.68;;;
Ankr / Ankr03;3909.27;;;
NodeID-PrPRAipDzRmPYPSDhm1dKnomZNR1YjLwu;3900.71;;;
NodeID-5GPPVZdPNj8bicXQQcYGCtksCSReksKaw;3895.88;;;
Axe of ACryptoS / ACryptoS 2;3883.84;;;
NodeID-C7YyYDva6rvbpY5GEu2Su653eLBNt49TA;3881.16;;;
NodeID-CBSjTYfqGNr2moiZa42yosg2THnnQC1hy;3855.14;;;
MyCointainer;3854.36;;;
Allnodes / Omnivorous Cheetah;3836.59;;;
NodeID-BzqWCwctXX4LXTSCSAVY6UcsnnPAym8XT;3802.16;;;
Ugly Puggo;3793.58;;;
NodeID-LCQBGoE9MtECsDjNLohwAP6L4rXDbSooL;3740.2;;;
NodeID-ED9nabFu9bXzdDizCeNytDisKqkdEk83Y;3739.2;;;
NodeID-Nza7rHanhSFgJ6m9D8fFWgrx7fqbxp7q9;3722.18;;;
DNEWS / Digital Asset News -  / MELD NODE;3706.5;;;
NodeID-8i9Wy5ow4rxUSBs9gk1s3PgCobsaufknu;3704.58;;;
NodeID-8uDtidG6poHRfZfZJXXSVBwivoMogXQ66;3688.11;;;
NodeID-EoNXC39QyT1eHFPXb5PgvDNigBN8tMeCC;3557;;;
asnogordo / Extra Spicy;3554.75;;;
NodeID-AQT1i38PMJQxRqjpwrQ98QESW3EJzG3p7;3553.47;;;
NodeID-7hpibZXsnBuxDgCfdqi4YzXRTPhbNBJhU;3540.81;;;
Allnodes / Scary Iguana;3507;;;
Kosar / Alias;3498.92;;;
NodeID-K8tzccU8StAHuSZfS5trxHKbvA17wixN2;3479.31;;;
NodeID-tHkVEqdhWPdX2vJGbqDWebw2VPrho4Aq;3472.33;;;
Defi Kingdoms / Quwa;3452.33;;;
NodeID-MFxpZAcCZZagmDn9LtJoidGktKPpoZoBt;3450.54;;;
NodeID-PoqUqc5EUiVAdgT4QgPhAezDj2BqVnPpx;3445.34;;;
Defi Kingdoms / Jyoti;3414.3;;;
NodeID-9F2Wi9NV1QjKg6NwoMVRsH4a1VhSerQVx;3382.88;;;
Allnodes / Calm Manatee;3363.72;;;
NodeID-M17yakji8RzPBFJNPXnksjoeabg7BXUJH;3337.59;;;
NodeID-5nWWPwUZPzdTJYGXJoWxzWj3Xm63vLL7p;3331.36;;;
Allnodes / Furry Horse;3319.94;;;
Avaunt / Avaunt Staking;3297.42;;;
A&M / -Swiss;3293.04;;;
NodeID-82XvY9Q1Eyq526ZzhvUbBjL16bhRzc229;3287.36;;;
METHEUS / Fugashi;3244.55;;;
NodeID-Lv4kzPag4FduSrXMed6YtyZJZ9GxmxFif;3229.54;;;
NodeID-NDMPc8h9L6keJw8F82NBobc874zZ6bDa6;3204;;;
DZ Assets / Nittany Penguin;3190.21;;;
NodeID-42kmqmMDkmMyw2q6gS1uLi4wiXdC2NLwW;3151.7;;;
NodeID-2sxxYEQxbRBJ8uqv1BMeuqWbCv6zZSaxY;3141.49;;;
NodeID-PVj45w1R6n2z3cBzTttdVdbkMsZyN6AoJ;3138.27;;;
NodeID-2bRK9nCjngVig5fMFjLhVgqf18L7dbTj6;3133;;;
NodeID-JyCGTjJaPELmLZdtn5J1HwKHZzki6Ae9W;3129.98;;;
NodeID-EekL2aJ7TdkbiXDzSsPo5PKyaaQuQqVg7;3115.94;;;
NodeID-7o3nUhLT3MusuUBWvEpFC8PVNqCgw2j7v;3111.87;;;
NodeID-1aA7BtLfTX4SRXaWR8HttP4z2UapE1R9;3108;;;
NodeID-CtUkP3fU8KxiXUWuUZ5o3rVorphG1Zg52;3058.68;;;
NodeID-Kg54YLbXCbDPPpasHu2xHfssfkZUhSh3w;3058.44;;;
Ankr / Ankr01;3042.88;;;
NodeID-QKn4ujiEcP1n8iFbEJqNsKZUYbUG4fHAc;3027.05;;;
VietStaking / VietStaking-01;3027;;;
ODTU Blockchain Society / ODTU Blockchain;3025.49;;;
NodeID-DN7KAiaHiPTCrsEpVNGBsKh9ifbdWDGtK;3018.97;;;
NodeID-6FwvxYFccq7pLKpuzx4kVkqhV77PYMKBC;3008;;;
NodeID-EbqMEDUpxHXexLzcBabL696xQp2QEWWa5;3000.19;;;
NodeID-KALbip9YkRerN81YxU32ySYk5PbGrkysz;2999;;;
cryptostake.com / Cryptostake;2989.82;;;
NodeID-HkEQ2sJogxEps4tmqFRDuVG9hyfxe8vMg;2986.99;;;
Defi Kingdoms / Moksha;2985.93;;;
NodeID-Ma22mzhd9jetTMCNSf9RbvBBdmCiezrHK;2958.34;;;
NodeID-Ac6gdzfZVn34Gye2BpYSu2yW7RxS9vcUZ;2956;;;
Armia Faizal S / Army IDs;2917.31;;;
stonkbonk financial / vaxrocket;2915;;;
NodeID-HYwzPrs3tDR6yyMtKZo22fq8grJsP1DVF;2900;;;
NodeID-5h3GjwRs4cndBMxxfRpuDMyrX9SF9dPoe;2893.21;;;
NodeID-2RAA3F3Pz7fBNxKgXXMjbPd7aaw1K4jpN;2886.18;;;
NodeID-PTYvQ2PKyZMCwusGWwSf8gz25gsNyzXZk;2866.63;;;
Allnodes / Cute Binturong;2865.99;;;
METHEUS / Arale;2851.58;;;
Allnodes / Omnivorous Rhea;2840.88;;;
Allnodes / Brave Armadillo;2831.09;;;
NodeID-9kgmvmU19mNsTxPS4f2F7ZiSZSwZ7dfGk;2818.2;;;
NodeID-AKDq2xXdR7d7pxAhJwKHCcfqSw3CtnYBJ;2815.95;;;
NodeID-BNpSmZBeHxr2X9YXAmeta7dcTDb85ECTj;2807.59;;;
shagalicious.fr / shagalicious-ava;2797.89;;;
NodeID-2eEs6M6JnHX5X8YJ9b1i9rBypkwcExKrb;2775;;;
NodeID-HmW8zzPRoZ1nhTCzQATcXAGKEe2wQB8QL;2762.48;;;
NodeID-AHTFPmvMrQBt1hcoGS7HugNCuu15Q5gY6;2756;;;
NodeID-PeCjXp8Nir8yWLqh2NpNf1pAkr5PHoG72;2740;;;
NodeID-Ahq7qT8wG6ufLoM8MrvB5G65SbEfZC85B;2739.65;;;
NodeID-75PnenZJE9PQbQycTys2zonb1atGLsbX6;2735.61;;;
NodeID-F5M3Lgax8rDdLTSUJQSXUiYPAfSMt4dCA;2723.29;;;
NodeID-GHY8D7pCGPY2qScDmtLp2PAvpbnAiVib7;2720.26;;;
NodeID-CrreVzw56fhUFSGRmhV9NptQAJqNRV8tz;2719.74;;;
NodeID-JSKsSxV74dyp94CvBKqEKUcEEKBXyNbge;2700;;;
NodeID-NQWgSd85RNm2um4AywRNozgczjAwpmzbp;2673.47;;;
NodeID-Gey3HmUZyAXuvawThT1McvEjrofAwrGi6;2673.41;;;
Emre NOP / Amsterdam;2671.3;;;
NodeID-4VpJH4PkkQmg7KrJ9z3czh2Uipg16PRYt;2649.93;;;
NodeID-KUnfRu2AYXNkdVX1DTPoTApuPs3nqdvWU;2642.9;;;
NodeID-N7hGo1YXrZP8Jwh6YyoiR2dzBtNpex1DG;2642.02;;;
NodeID-5PPoXGTxBCjqNYuAXaAqg5QJVVghzn8EK;2639.82;;;
NBTC / MtBlanc;2636.22;;;
NodeID-N8tijV4qwWMep4STmLzWJEkqbg6bSdCmn;2619.25;;;
NodeID-2aCXkeemxpBXiFui8BX1tVpyVsvhoZCU8;2618.99;;;
NodeID-31GCz5ZHCGdKDpCeBRMPrmiBgoeAWnCz5;2614.55;;;
NodeID-LWR7Bt8Nxf2SwXGSQUzn69z3qivekDxmh;2604.37;;;
Allnodes / Heavy Vicuña;2583.33;;;
Sensei Node / Sensei;2554.6;;;
NodeID-2JxSoABYhEjDKZkwmyUNJwYPjFaTb8esz;2550.54;;;
NodeID-9G5DhsoBgHjDA3j1FqFXKyEJH8AGPeB67;2548.3;;;
NodeID-BoCnSmdkHPWKghszaVkJY3b3Y9H3DDB9m;2548;;;
NodeID-6xUg2sCytJgfWPw71V73JXgLwFsJ2q6zs;2541.89;;;
NodeID-4i6BrtVKqYp9VncF3PL4LtnNeXJZSd3Ho;2525;;;
Allnodes / Martian Mons;2525;;;
NodeID-Nn7JvyqWEeEXbFGx63vwJRngQwaUnBF3R;2525;;;
NodeID-Jp4dLMTHd6huttS1jZhqNnBN9ZMNmTmWC;2515.01;;;
NodeID-BnxZadxgoM5E5xfVfYzo2T5A6RWEBR5qk;2508.88;;;
NodeID-FJa99KS4qp3BL5qorsK1NSNBP3twQBmJR;2500;;;
Feel-Mining;2500;;;
wavepool.digital / WAVE01;2498.97;;;
NodeID-PzQafFPgbCLkvMgrP7nh7aCG1eKypdNi2;2482.92;;;
NodeID-3fiw6WA6o9TbE1RmpHmwGsES4TcY3QgPw;2473.64;;;
NodeID-9V8W8YDiHFCM8s25FhhY1s34jL9E2fcoW;2467;;;
NodeID-hxkWSdUV1Md45gZGjypmuyVyG723fvVH;2465;;;
Swapsicle;2462.46;;;
NodeID-7hu6HXsSkqf5pAfYE6bC16Pr4qJZZ3Mdp;2460.99;;;
NodeID-5CDfrTrcGndVpY6qtuWsKWLm3j93GXyey;2459.93;;;
NodeID-JDYxVGLrUb8SHwuu5jZBXNC9rqYWd29PG;2456.49;;;
NodeID-9dN9NU5XCr3WQGYnFjGudKRScQ1HKGmBn;2455;;;
P-OPS Team;2453.98;;;
NodeID-7haZar18iKUdnps7YZEYbJCSwnFw4KMY1;2450;;;
NodeID-A3azVkFN8rEsnnw7yQoXHDze3gVSSF4YB;2449.48;;;
NodeID-5WdRcFuXPnHDT4siRYFb5RGJCw6oeGDgU;2445;;;
NodeID-AvCwEekAjPEzdD4vshBTEYMZ4fwds8Hsj;2439.01;;;
NodeID-LQhzjXYsvHzB38uXbuxwxkaHKUz7n58cN;2428.75;;;
NodeID-E6GJmPWBnGKad7hPfxCK9GRwsuAKc2MJQ;2427.16;;;
NodeID-3HLAgdaA61zPrTx5yQ7Cc6waKWidsiqMT;2418.96;;;
NodeID-4Vs1rw4jmL5QersqfLr3qB9HmyNtfeVeK;2393.47;;;
NodeID-AU27Fz35YmQuM6d2pM9HsvLtgwGT5xwnd;2392;;;
Allnodes / Large Cuckoo;2388.8;;;
NodeID-Pn169WCdJ6DddiXMAPCXTMPHumUthy71G;2372.98;;;
NodeID-12dyQ7nhRzsNSiFzEoW1RWK819Zkssf5g;2372.88;;;
Allnodes / Agile Cat;2369;;;
Defi Kingdoms / Pragya;2367.09;;;
NodeID-E4KwVKcddwozth12cNvNYApyHhVbvnby6;2356.4;;;
NodeID-3Zj9FqTe8jFQ5ZtP8RjqBFcBZmq9wsThL;2352.21;;;
NodeID-9hW5Lb3t5JMgP945DB8wHUJP73uLuDLAZ;2347.55;;;
NodeID-FS5zWDztE4hhiUKpwHkYzgjVUeXdSEabm;2340.38;;;
NodeID-LwiNyRJeqRfAGS5phAQvvKhX9xj8LbQ86;2330.53;;;
cryolite.tech / SynchronizeYourDogmas;2329.78;;;
Engin URASLI / MasterNode;2329.15;;;
NodeID-QED7MhPgqen1mmohedPfB4nTwGemN85Qd;2319.65;;;
NodeID-HvxZoKdC58RkD4ZVTYwjVZ3TsiQoTESEP;2318.77;;;
NodeID-LoPj99UMTWv6iVurPEp4Jk3TmvDt49z61;2318.74;;;
NodeID-NTvJb2gZdvYU2kaMUrMbtu79KUMgyJNPW;2315.08;;;
NodeID-PnJZofCFQdFrpcBDKohf1b1hrCQL8CFb5;2310.8;;;
NodeID-G7aPjXRfR2XtrB4PGATDS8NoqxmqZmryS;2310;;;
Defi Kingdoms / Asha;2307.14;;;
A Good Boy / Martin Validatore;2307;;;
NodeID-LeZUTECdpTLux94oAXKruxYgz5ppx7tfr;2305.66;;;
NodeID-CakP2evxkdd4oytqPH3u3ZZtjg85Dpqdu;2305.17;;;
NodeID-4WefagrW57JpHmQkZ6QAcXm6whLLYYDvh;2305;;;
NodeID-5bJvAPVsmyzbFUyM11npiJjtxTDoZHtF4;2304.5;;;
NodeID-Drihe1JEQhYYHsfJRxYKsYZE7rpkZTLZ5;2304.37;;;
NodeID-6GEno5sempCQdCZvTEuPZpDLqVvpN2JEB;2300.87;;;
NodeID-15acUUEhKBrFjP7ozNj9vfbYYozpVQZZL;2300;;;
NodeID-FYqtTTone7wwpN4uDuT2h6KjbXEjfKp6X;2298.17;;;
NodeID-NVSSRYMjjYyMkUpt7AHXWnKNTTJCd8UbS;2297.8;;;
NodeID-DtCpt2Bi6gvmQqwgKE59fanof5F3bepnd;2295.87;;;
flatline;2294.32;;;
Restake / Restake Validator 1;2290.32;;;
Avascan / Lazy Snorlax;2289.88;;;
Defi Kingdoms / Atma;2289.32;;;
NodeID-4ppYtgngzEnrgBZ7JUVw8bTbaBD76efcR;2289.22;;;
NodeID-7qrESfShxxqXfa35MfBC8D62t6enjm2RC;2284.04;;;
NodeID-6yS1J9HFdHgdX2ruW6XMouQvECDF2Fta4;2284;;;
NodeID-2VJfSPqaevBmiJKSVDnw7GBwsdfgA1XuM;2278.06;;;
Swimmer Network / Swimmer 2;2275;;;
NodeID-GncmDL5noKcU2uMYfw3buKid5vWVfCXAJ;2271;;;
NodeID-PffbZa6fvkTrUasqN5XsGHZrtcziecQ54;2270;;;
NodeID-4eaj7e8pXaR1TSuCF5n7tKDCHPPemZGky;2269.59;;;
NodeID-N1bStYsUK7rED8p34WYHHTPFwwwidyMW6;2268.05;;;
NodeID-4vJoWZV2uHy5CxNt2ezQy2LARHREFQu99;2266.38;;;
Tessellated Geometry;2264.04;;;
@ValidateHarambe / Harambe Never Forget;2260;;;
NodeID-YdCKQdXecSPWqABWcRtPZvBaLd3MPPR8;2259.85;;;
NodeID-NhL9H8VSfhrktdjmQQ3P47wYXzRfQwBiy;2258.88;;;
NodeID-8X1zaswTjpTdaU2A1wARxmATndacG1Psy;2257.53;;;
NodeID-NtErk9C9jFDGdJ8wu91TxPfGyJjydPcaC;2256.97;;;
cyberG / DVS;2256.83;;;
NodeID-7p8a2KsVNTqRonBDpH4FGVfWbuYkUtmko;2252.99;;;
NodeID-FVgPdpTafzx8jazSNoxvQmJNxoEcAMmxm;2252.54;;;
NodeID-MV2a235PcwYscp7qq8N9M4pYQBqMnfZ6T;2252;;;
tdwsni / ptang;2250;;;
Boulix3 / AvalancheDotNet;2250;;;
NodeID-6LHDq7hq3PS1xBj7cFQuvxozaM2hJXheF;2247.65;;;
NodeID-4kRVv9q9bLrAVCdpgVXJfEBEUXSGkobMU;2247;;;
NodeID-4nc9Pi32BZwWxcM21U95mVHsbExbPSmkq;2246.92;;;
NodeID-Nsdn6eemD7KUpKEaGYjYFuJjxC36c3qXC;2246.04;;;
NodeID-CH1mDvNbGJACStgWkutKZ44FrjfSa8VpY;2244.61;;;
NodeID-3qUq9jKXL43HwdMEov6KBsnCjcvWXmAoF;2244.58;;;
NodeID-Hp82btBefk1ffBD7d1qtoBL3DuuNUv6qa;2244.29;;;
NodeID-N1jMeF9Gzj8AUwvDbCNxqMdTF8PUPYKDy;2240.53;;;
Allnodes / Soft Wombat;2239.13;;;
NodeID-NK2vfomsSi777Jnkt5caBPc4kmEgbRaKj;2237.38;;;
NodeID-99JbDQGXDrCwc1wcjaKmvnLGLAZNEcpbh;2236.86;;;
NodeID-2cH1ggEZ8Z6CoKoQsEeZudUy5kEihW4T2;2235.45;;;
NodeID-7bWCR693JwnkPdeQB6wC2sf8f8qCrnC5y;2235.12;;;
NodeID-KsUkk3D4hSKJGM1WBmeu1yj8Ab7h512X1;2234;;;
NodeID-JHQ5dWGXF3CD4z3j7EK8uwFD6kszZDXLL;2232.56;;;
NodeID-6qPNz3b5VZpMWkVNjmLmpBrL1sYxr38bs;2232.25;;;
NodeID-EoED81hKuofUKXsbY4MdaxF24bhzx3eWU;2231.26;;;
NodeID-MZxjrRvxrjvAdaz6pDS82v65xLwckmiti;2231.13;;;
NodeID-KvN79EtxbHdT86o7w9GBQEVeRWZ5woAJx;2228.85;;;
NodeID-DkcPvxwjBjaTSe1xFQURbh51c9znucNTV;2228.67;;;
NodeID-Pn5ZuNg6JbrFrE6NnkdPZHKECfbzo4R3R;2224.44;;;
NodeID-6KkEjgYFAXUPngFEgV38BzQsZgkGKCzFb;2224.2;;;
NodeID-PpYToPR9XKswScUX1ypXKjDUP7G7utRDz;2222.5;;;
Conan / CONAN;2221.81;;;
NodeID-8GJTQVRW1Ko3aofRCUJqqHLJTZpzkEusC;2218.8;;;
NodeID-4uHXbHesQbAzcDBRqaFyJ5kpgovHpU576;2215.88;;;
NodeID-N5FWBAn5j1UVxb3nH45N9DyXEAaeZiU4q;2214.84;;;
NodeID-3dfpf6KHiLmbd68Qr8QwxoXd468aWjJWv;2212.63;;;
NodeID-FwVox7JmoN6GivGSi4u1wMwB87sFhPxY6;2210;;;
NodeID-MuEFvXvbZ964sk1rdQKWNtUc5PJAGkWeL;2209;;;
NodeID-LPf42gVqz97N6bogZGXJNTWhgBABEe4qE;2209;;;
NodeID-EtFG3SrbbudeFQCaWRxhwvv28wHpo8VRq;2209;;;
NodeID-AyByRGSrfbDaeW4njEYwCzhsnMyZ2KMcw;2209;;;
NodeID-8fq1H8oStMi9BZrEk8qiE8QAV7AtqGnXt;2209;;;
NodeID-LCvxVSwts7BQAS5mVuXH8XYGuVJZSRtCn;2203.71;;;
NodeID-A49YH2FmGteFpSV46b9WDxZWDEebAnH4q;2202.51;;;
NodeID-PRuHbkmcVYsjFr4jT1t8BRkRhujB4Uc8S;2198.63;;;
NodeID-EibWFSUHeLNNjWZrEznmuxH7ZWNsavRgh;2194.39;;;
ART3MIS / ART3MIS ENTERPRISE;2193.23;;;
NodeID-Hcq3gpdMqAEiVwq19E5DZhsjggbkxFx2L;2193.17;;;
NodeID-NwZ4wmDE8DrbaDY7V2nZscmLBKdRUtUyN;2190.27;;;
METHEUS / BonBon;2187.91;;;
NodeID-MZV1PpqVuFPa56t7TmfA8VVdXxDSHnQW7;2185;;;
NodeID-HhkCm9J93xwiDRoupoy1mvjRd9qk7NgPh;2182.82;;;
Dr.Kill;2178.41;;;
NodeID-6r2sYwQz2LoJG83JqdR92kCQjA5dKGrSA;2178.31;;;
NodeID-BvHFTM6QMuaxmk1xXZAUS7N4amyNn3Fbu;2177.61;;;
BellamyBlack;2175;;;
NodeID-4zpaMjNLMYYGwzbrAFd73C5YviJufv27y;2175;;;
NodeID-CaNQUnkzWJFcsYNhdx4iyRk31McfqtKhX;2173.32;;;
NodeID-8GDJHQE8bVzC9qvpHt31ZCXnPEVqSmA3g;2170.63;;;
NodeID-ANeoZC7jBSmoDSYVLip5uASJW48GwWLLG;2168.24;;;
NodeID-GbsihuNaGBBs5pY7HydYCMsvJS4UeidUE;2167.51;;;
NodeID-3LnfkshRjWuKm2zsebTdo5Y4kiEN1x8kw;2167.26;;;
NodeID-DVKvJUXo55fMMYvygwbzrsP7jRwhavM7t;2162.96;;;
NodeID-B1R45pLekY4WwehiCmvi5Z5hP6FmpCVQX;2158;;;
NodeID-BN6wmZwJJaM3kz3HHfC2fGVEtXTpfh16s;2157.25;;;
NodeID-EtMfta4DxkiGV9iVB7JDd8Z1kCJEP743A;2153;;;
NodeID-Kebu5gp7YsGyfeCzBJzAn1p1xNdfgzkyQ;2150.22;;;
NodeID-k9Qr9tpMZuBxJ3wtW22CQxW92hMrQC4A;2145.54;;;
NodeID-DE36gB4RQRUdH1VUwE63jSHfNHAtuCqGp;2143.5;;;
Banksy / LEAD  Validator;2142.87;;;
NodeID-Ee6MdWL7mFKdPAXbJTWZGvwEUsi17869c;2142.84;;;
NodeID-G6FCgKDoufiETLSBsfC5sENYYt3FApMkM;2140.2;;;
NodeID-8jjY55aidaTq49DF4C9Anqk2QZyVuKExx;2139.37;;;
NodeID-e5ZRmNSdGA3FzH44KbzgnKfhXVnzEWSZ;2139;;;
Allnodes / Lemon Wave;2137.95;;;
NodeID-4UhFvfdPLY8Y119h1Q1FvxxYCZVbLQiYn;2135.25;;;
Thai Node;2129.07;;;
Stakely.io;2127.8;;;
NodeID-MyaTMxwSKbtrFRRypqr1nWKJ3EK6di3dF;2125;;;
NodeID-F8HvQKYDbonSeJ3x42Ynb6ibxiJa3FWVL;2125;;;
Avascan / Ditto;2125;;;
NodeID-4cwQT5hvhnhgYM7kJia4MK5kT8XLVZSNz;2125;;;
NodeID-AcVHs6PgeipByAajqn3h7PHDk9cZXDZ2K;2121.32;;;
SGHOW-01 / DOGE-01;2112.57;;;
NodeID-AR5vyazEmeP8qCQqA2QWQBG22rMzoM1Kr;2112.37;;;
NodeID-44xWAuDr1eTC7A6b6pWhAXgKeLWF6NgXG;2109.58;;;
NodeID-2AXHaNYZhh5bi9tBFBgj3qx1ifa41JPDx;2102.42;;;
NodeID-nRLmetkBadrUoqtLSVkohnoEpeSm4;2102;;;
NodeID-NxGV1YegU7Y4QvX1UQmQWZ5nPsspjrKnL;2101.37;;;
Dmitriy Y / METL Node;2101;;;
NodeID-JgfyD94R76Wj1KBXWkGpnsSAXLM6f6dnN;2100;;;
NodeID-LFNBojkAbg1az3ys8htBJHmyQ96hYhFzP;2100;;;
NodeID-EUYFSsDzfVvA7BHbZxupseF6LYrQ2j5Wq;2100;;;
Swimmer Network / Swimmer 1;2090.84;;;
NodeID-KtKf9AuKyBvofsQE7Jn4eAzAndKHu1f4M;2090;;;
Genesis;2085.5;;;
NodeID-2oNaLGywN5tviz1xBmXFG68aCcn7dGU4j;2084.34;;;
NodeID-HRmKWRK8HjqqTKWvYMBNv9hcddSYrhqnF;2082.96;;;
NodeID-Eie3ChCrPqUcbrEzM9HwSqAKVwK6z37fP;2082.68;;;
NodeID-HZnBEWRUGocZ4HYX8EuMP2YEY94NtySWR;2080.64;;;
NodeID-P2Jp7sd5mv4ZGBqThYfjHkz1EyJUXoMcE;2080.57;;;
NodeID-DyXd5SxgwWWadT9PdEpieSPtjcKxYCMjE;2080;;;
NodeID-EvBXjw72pzgwq8kKhsEBDvnXa2mvGPBxJ;2077;;;
NodeID-BSornzAY2Y4SmDcQw4Pgsf5zH4Wdv6d1S;2075.19;;;
NodeID-DsMTbudbrnZtFyexvZihGfb9qETaxFBm2;2075;;;
NodeID-BKN8u3bLmvBdZkgATY4sEYH3tkBQFo5rQ;2075;;;
NodeID-JKeF5RBPKqBY6KkMzKBMxDpHpZZJBQWbr;2075;;;
NodeID-CqbkQ1txNkMjeroDyJpAtvUAbJf2VbV6x;2074.16;;;
NodeID-ESRpVRqLwts8M93Ly9QPm4ZSdMF4wEpbt;2069;;;
NodeID-FeddPuWb8xtJeuXCDa4CAbjgv3n4PBQXV;2068.2;;;
NodeID-QCfTXZ1cdPt5XT1jiJfycHKTFo6Yg164L;2063;;;
NodeID-FHHEXLYRNrnQhKFneEwDPX8TZV8WtUpQY;2062.58;;;
Allnodes / Large Muskrat;2058;;;
Bloq Inc / Bloq;2057.42;;;
NodeID-CRy7vV7iPrYSfg5JcE7biUWbJz51zYHq3;2057;;;
NodeID-BcfnNieXDpsvkMApb8FcCmGAoQdtyu8jH;2054.89;;;
Börü / Boru;2053;;;
NodeID-33miCHPn9eN8H9Yi4bCzEaL9Sc5BLeKMg;2052.55;;;
NodeID-AeQkHL1XwxvdZYqbu1JgtmVetnAEYKxPh;2051;;;
SpectrumX Validator Node / SpectrumX;2051;;;
NodeID-3HvUXQy1siDNUBGWMYxwMfjufh8mxLtQY;2050;;;
NodeID-CTry2Hj2aXeA1rfWq1s6pDL8SzaCFGLMC;2050;;;
NodeID-9zLK2wS71MQMssdBnbLXTsDYDdWkgeHY5;2050;;;
NodeID-AoZGrfarMpU4aCdLvnbd52icBe93QfdNJ;2050;;;
XPLUS / Validator 1;2050;;;
NodeID-LgpMYrR9gWwPtgZZiRZkwidSWGnyQG38W;2050;;;
NodeID-Nq6igQKd7ZPptmmEKGwbi5rvTbLfyKXtz;2050;;;
NodeID-F8vhMMuinEdY4zzcg2rMiN5APfJ5Y7kc1;2050;;;
NodeID-A3Y8AvJ5Q5PWW1M31Jd9LXejFxvnZWJ7P;2050;;;
NodeID-7RFMTxkyNxT8t5hLbG1wD6DMimADeppsr;2050;;;
NodeID-6P6HFXiBMXhFQd9gsQC4LmJuxRKATdkoz;2050;;;
NodeID-FAkkdgPab8FSxa6evhUfhr78Ne1DnKGzW;2050;;;
NodeID-DX4fcvzc8D9uK3fwwamXrUjP7gg3mMXhk;2050;;;
NodeID-P6yCGsrkpFw4Y3131tymNJyfV6zt3rYGk;2050;;;
NodeID-FiT4KFvVe3J91s58h1QTyvqx8Qh3cmi6s;2050;;;
NodeID-P57MHWMniUdRKTQA7U9LBSqrqiPGp1FyW;2050;;;
NodeID-MQ7P5PDKW8nixJ1b49bVXi3z4KUVQtRdD;2050;;;
NodeID-3NgkZSWchi1D5X69JTxPhHQtuTXs3AffW;2050;;;
NodeID-Pyv1W9YSnj8rDjT2x4gz6VhNqYLL4opJr;2050;;;
NodeID-JFuLtxNb6K2DhkbjAZWkgqxzVs1ibXAeA;2050;;;
NodeID-3LWanr12TdEAr9yrmCv3TLTqUeRoPyNe7;2050;;;
NodeID-CLyN7hqGvPbKJpBekb5JPPMtZS7xkerGj;2050;;;
NodeID-HwDeroGf6DgFef4pjWEVdkTdbp61s6oNQ;2050;;;
NodeID-PvrJM2eu3EWmd2JPyWhhsSEbMeuzEkbXi;2050;;;
NodeID-AkfuAYypbKqRDr7tg5TJXQbJRh6S24iKk;2050;;;
NodeID-Jb1E4ervpBNaj5EcrNzqHgM4E7YXpovHR;2050;;;
NodeID-DY2Tk5ZqUir1NpSiTwXVGdETCGGEV8wHe;2050;;;
XPLUS / Validator 2;2050;;;
XPLUS / Validator 3;2050;;;
NodeID-BmdvqmWYnETchQRugGYrCP8ey4uSnV9Lh;2050;;;
XPLUS / Validator 4;2050;;;
NodeID-JCLSgdzB2p9wFeg1VnEr3nF6aDhxACEUA;2050;;;
XPLUS / Validator 5;2050;;;
Swimmer Network / Swimmer 3;2050;;;
NodeID-PT45awwLjTTiEqvFufS4nCkVN7wtEsDmf;2050;;;
NodeID-Ess2uf91CDTfKsLezaTLKqqsWcpEHGvJv;2050;;;
NodeID-EFd4jseGxHxQmYX1ATcJUSZoCnE7z6dFe;2050;;;
NodeID-CDFHmPou4srnjz5mrseH6Sawr31Sh9xWd;2050;;;
NodeID-2XkMsqxtgfvhBMGgHymEysZxjzt9qg8cE;2048.72;;;
NodeID-BoN8r3MqeJiqVcvrQx1VubZMGDQE5pJi7;2048;;;
NodeID-GCcBkYAE7DWm2inYCa2adCgBGvAJBdpsr;2043.96;;;
NodeID-LiVK9DFpqttU5go5YCTet4TE6xMnBYRcc;2041.2;;;
NodeID-H8zo2PiLCmdf8m1947LiyaFJC3uw2PndY;2040;;;
NodeID-PmH5X1xavW8PjgvkW1u4K9qTHAbMx36hq;2036.58;;;
NodeID-MHBrAomZpJhaYjqWKWXSS3YusVo7afBn6;2034.99;;;
NodeID-HCN2iPH42BPet33YyscjDr79ctBMKDuKg;2034.04;;;
NodeID-DQiR1rDxgjLJPPgdfDoDxDvFjLgbq1tNB;2034;;;
NodeID-BS73VSF2LFWT8Mpsd6bNy5js5xbZMEXAR;2032;;;
NodeID-ELxAoLLT4rkHwrAxxo6Ubkg11P4ye32kL;2030;;;
NodeID-6CGouDLcYyiuBY9xEi4rEaHCoBzH6UQrS;2029.78;;;
NodeID-KqKMF5JYhxjkMVpYWQz8zTiv1N1qm2nSf;2029.15;;;
NodeID-JqHkFFzz1tYoGHzPuTsueqF1yKifPiBEG;2026.31;;;
NodeID-9hksERdA8ypkBykmHuch4mw24RR2sg5js;2026;;;
NodeID-PPH8k8RGmrTuc6Dun92atkbDkgs3sj6ws;2026;;;
NodeID-6biB22M9yY6jfRUeKHvLvz7dyVVZ2XYNy;2026;;;
Stakeport.com / Base;2026;;;
NodeID-JKCgdbWtCa8BreNP3xftfUuoWGXoy8hWX;2026;;;
NodeID-7gLtM9D45daj6WJfqrT6uUje4muznwKwQ;2025.99;;;
NodeID-31dy71JeMTbFiPemv26tmZ2j9ExNvWSAz;2025.88;;;
NodeID-2bi8nFR2QkGRirmJcco8gs4KhCAkDjL28;2025;;;
NodeID-6fsahCyw1kTtLowYQZ5fvst3LfaHteqYt;2025;;;
NodeID-F5rWRrDp5eoTrY77uSeDYKge592WxL7Ts;2025;;;
NodeID-MdbGwuwPdcJU4iyubewCwsXLmz4E6AAB1;2025;;;
NodeID-F43HFFLTytJsHmxDN2GCX7uDAX94JtCgC;2025;;;
NodeID-F8Yq4R4Mx1LHGbQ7g8s3beNB4LGnCUBpv;2025;;;
NodeID-HRRpnhEJ3a8LHDiq7AeuTzp48kBxHkmKw;2025;;;
NodeID-CRwEi8XcCJPJg2tg8dGnRojjxPVQmcVkf;2025;;;
NodeID-HkE9eyj5U8saYexeGWuPcQQbiu5MyRHHa;2025;;;
NodeID-FopWxWkPwvfbWqyn1toHLq8KGjomZTtB3;2025;;;
NodeID-MqjUf9X2kfpp7P8a2TtZ9XCqhijeP6uYN;2025;;;
NodeID-8Kv8ZYrpFheRKh9F7TXgJXAP4Q6cjWX1Q;2025;;;
NodeID-67BcS4vUVoqe3DDgRhbPjC759TgMUhuBT;2025;;;
NodeID-2BSvxuZFVVSpjrezuABMPvC6cLMwH8TT8;2025;;;
NodeID-FgJXbUkWtKJJqNVXTWQ9Mj39NFNQ9cY1h;2025;;;
NodeID-GnKLq2ipT4D2CMcrrGYndSCuQL58yhCR7;2025;;;
NodeID-9KkLEoCh4qkKWinnmBx9xv7xaFBiZGMt7;2025;;;
NodeID-5wQr9SafAyQ6BKMjtTomLB7Bc4tg8iYD4;2025;;;
NodeID-J7PjfVJgpLL3mBMUwpicPqiqDFAmNWhKA;2025;;;
NodeID-EmhfRnDPSzpEMhGy3KSC4BWhPdtoxmqqV;2025;;;
NodeID-PFhdeVkEdr4CuKqixoa8i7s1x22qRj2vo;2025;;;
NodeID-7gu4gthY5YhpmpUpQvuAy5CDDvDs2yEVt;2025;;;
NodeID-Fp9D4hAMGrJFnTNrVmGxKBb95MJueQUan;2025;;;
NodeID-8A7bkWpH6nJ3WjegKQ4n52tEsvxjaX5Yc;2025;;;
NodeID-NWKQQXERMEAN4YZZsJ2KdsgfkRAHKmkRA;2025;;;
NodeID-MydZ4Ju3KA959gXeERXvqxN88EtUrAaGc;2025;;;
NodeID-5SVR4vL6ytDWPS5eYXrciHM7T3jsXJcDd;2025;;;
NodeID-NYh4pgvupjKc32GCjkH89BWRiVYRzM2Qt;2025;;;
NodeID-Mc6VMKAa7djwB3xitCT693bXpqJLAAnyP;2025;;;
NodeID-51g4i7aFti48RKo9EZoCp2zKTJKwbCsbm;2025;;;
NodeID-Lzi1KscUsYreE9Ysqzz7xignLZX2oWebL;2025;;;
NodeID-EZ7FxvAP8MCsQgCz36DMBUGA1tcHL2PG7;2025;;;
NodeID-Dv4KWhKB56So4dZNxRRi3J2V74TaUXWMg;2025;;;
NodeID-76DhcibSdBsQMFs4GqjuPPcMWC5CCENpH;2025;;;
NodeID-8NK1pWM2xyuucdECF2bC6cSEeZCZWYJVF;2025;;;
NodeID-9KjtB2xC9aehpcYRuqJR4myLGJaq1tVse;2025;;;
NodeID-A1UzzdVVseagwuVpCtSCgrv7924N4eJqZ;2025;;;
NodeID-4RV8eRbw9andBLK2og4rtt3W7txBmSuxA;2025;;;
NodeID-MFp5wwuKzSfCNESpdD3avbZBkZ3KMkEeK;2025;;;
RockX 01;2023;;;
NodeID-JwiikR8FhmnYxxGjywAZeJMFjxfpfD3L3;2021.99;;;
NodeID-P9FGdfCp7sHRcUwHERp2hzo98ifUaCZ5x;2020.2;;;
NodeID-D2hsJkh6oAf5X9WEuNgbChFvkeUgC99Ns;2017.74;;;
NodeID-EuXrZRrQtoZKQYtRPFgbbZtzZgPj81pqp;2014.97;;;
NodeID-BbA8NX9JjvdF5dQcQ9GnToVKDp1R2ifyg;2014;;;
NodeID-13XrVPjS5dVxBKaweeG94SjY1Q6yeM4EJ;2011.92;;;
NodeID-BWuTMxzh6jP3hkNxYm1eq5qpATLWqzri8;2011;;;
NodeID-Q9XodTB6ZagmUWjT4XgYwYXki46HgYgrC;2010.71;;;
NodeID-8byZLbVuVJbedEvsAjZxTTSqorsjz7ThK;2009.96;;;
NodeID-AR44a1cyPrD8cCNZgyhv7Tc2Lvw3ryhEu;2009.09;;;
NodeID-5gcdejFBQ3wMPFpo7qKUKBREJ8w3PRTM1;2009;;;
NodeID-D5aUrNtb3vKUBKYpdapiaGEaBTmUz3Jr2;2009;;;
NodeID-xVVbmFL3eww4dmBkgQ2akBxcnEy4VyLh;2007.43;;;
NodeID-LF7ktpNDXo1fjHYN6MYHnitMPrHwN3pup;2006.91;;;
NodeID-JmXohPkLkrEZitY3MMmUgMZdWoEDZFqM;2004.63;;;
NodeID-6ETncdUXndB43iT4LijRYLHF711gWeAgJ;2003.93;;;
NodeID-PF9fY3h6ZMMqPmTZZUwc7wyLnZ1rSoz5u;2003.33;;;
NodeID-9g6keiiMr9vXhaSNP3oqdxhu42LEZ3pWu;2002.66;;;
NodeID-7mhLMgLtqbV1z8yTXNh1duCp1kv9AvqSD;2002;;;
NodeID-GETDHVMLDQDdhmShWTQY5kig2W9Zbg5pH;2002;;;
NodeID-4TSV8FnyRHrVAmPALXfvLnGaHGspS5W2R;2001.25;;;
NodeID-EfnXCVeLUtW24v8gwW1VYiNuqDeRPEVYC;2001;;;
NodeID-FrhMaTxsagqjYCetCyxLxpbcpkN3cjVLH;2001;;;
NodeID-Pe1pUMoFAts11s2kA3F7EPmzLyZwj6Msv;2001;;;
NodeID-21BM7DHaGiR6gHMNMdepw8SzSFwm5cQBc;2001;;;
NodeID-CCAvx71wtUXDsgKcJpX4Sdz1fEEnEmMRg;2001;;;
NodeID-LQP4aci528q8z4KMe8Ug3Gh1aHj4yojPX;2001;;;
NodeID-Ly9XFebmbJcWmVAdMGbwhH1uGdVC4QSNv;2001;;;
NodeID-9fXyeBm51pheU58bBykUoXgzCx1cdEE8n;2001;;;
NodeID-3EzewMeb8MrVyWam8FhnHPHPoKsT7ERXM;2001;;;
NodeID-dfTcayc6JNvzk2pvoSeCLS1tqDavegC7;2000.35;;;
NodeID-5XCCXQqPnByrnPo3RivusyXUq9AANMvHX;2000;;;
NodeID-7FzdnhaMiu3MURXuYD1D5oWEeD7asKvth;2000;;;
NodeID-Ac6q1M5RxmVArudbSKEj5TrfGvoPp4HPv;2000;;;
NodeID-4aNhS2xQZFCfn664d2kmURidws4ijwwtB;2000;;;
NodeID-7QpkEAvjmwVr1vGJX5ruoh4mcN5Rv7Dt6;2000;;;
NodeID-NHXFpC3uePv6MjomLx21bwMifQpBiph77;2000;;;
NodeID-FFi7jAz8UyDsyFso9LvFUZR5CChhcoK12;2000;;;
NodeID-yR1d9qN9zWBG259hQJYh2N2ARtx5BEQi;2000;;;
NodeID-ATGChtr1D7YVdY5KPMyAnG632zLSKvtdL;2000;;;
NodeID-J7fYNqaJMe7sBwBfWc4qaboH9VRJqNVhS;2000;;;
NodeID-59mPrDyPrj1gsFBwnLM5p7q2DFf9KnPks;2000;;;
NodeID-9MaXpx17YAGMna3YPtVAAs9dmFfsGGp9S;2000;;;
NodeID-NfQHpPQX6k4hGc4otwr34n4q7tzhbrb2h;2000;;;
NodeID-9eV4TaJSz7YhxAiTxw2wbZFk6R9KXfZe7;2000;;;
NodeID-NjYpCeqCGkFH17Yu8phC1a3ujiA1Fd1Um;2000;;;
NodeID-LKWc9SXPXH3hNbXhKKAwJGLaXam9n87eK;2000;;;
NodeID-D222tpNhwWwnHoKdjAeaorn2G7YmzRrUz;2000;;;
NodeID-Q99Q2nhdyDvCgR1LbEE2h6PYtZdCYeWsA;2000;;;
NodeID-8bRebzaDGY6ZNtXCYqJWoFPnUEcgPWKbk;2000;;;
NodeID-KeyQeQwf1D4bzdcHVP34xXXWhJzFjVTSj;2000;;;
NodeID-KvGqkFqSeHaxeXK9qG5vGuwtc8Vvoe1Dn;2000;;;
NodeID-9W5RaY7LA6so9hGCPGfLezBXMnWNRQb8V;2000;;;
NodeID-7hnK4EoWzm7V5qFPqJvpcRQti59au2BD8;2000;;;
NodeID-47Bp6ANAgARSJFwMy1swAg14ozdNkWxLb;2000;;;
NodeID-C6b58cQGYSqm1FeQyvXKXUgZ3R7Q9D9es;2000;;;
NodeID-tM5SKoDYV93nTnsEoc7NvKiDt18ZqirF;2000;;;
NodeID-Fd4DMc88ELLiTHHSLVZ7L4MB3Z7jbDEAy;2000;;;
NodeID-GuTDsR1tBFgQUbKqCf7J29yBo8ofudHEZ;2000;;;
NodeID-2pNQqfaBqMqwWgeJiqPbmHZk1cUtWcjqb;2000;;;
NodeID-K5PKyNTjWB3eg7dMWLk3Jjfr3aoGxTP3;2000;;;
NodeID-Q5xvrPQSjHhJX8eLKbBnZMWbS648NqnsZ;2000;;;
NodeID-KGYhytNfZ5ESiSXrRyxCunktjUBoFUHV6;2000;;;
NodeID-9e1XQFkG6JyYvzYLq2Ua35obBcJMLmuXz;2000;;;
NodeID-5zP7p1nk2KnAL4SHvgFWcF9Xei3Q13CC3;2000;;;
NodeID-Bat52FsWLDZsBDycDAi1JGg16SPtymc7b;2000;;;
NodeID-4RX4G3NDkGCLRK8UsginFXo4Xykjq7DTC;2000;;;
NodeID-J2RTGUXRNDSx2kBU8w7Am6Y7k3LABR5iU;2000;;;
NodeID-AWLRFc3R7oCqHd6qe95QsEaoBPPTQYpuv;2000;;;
NodeID-fr4FFtJ5PF5UZpyA3RyoxhNks6Yfhu7u;2000;;;
NodeID-8es5pW8tzwZSDMpNe8rq4X6f47VDi4YnM;2000;;;
NodeID-K3Jxj6JJnoZuMxSgZqG2ttbr8khG1Jo6L;2000;;;
NodeID-6DqFjxDUK7nh68zrFDE7iHfVsXvoM5yzt;2000;;;
NodeID-GmwjGqUq8s6kKuyWT6maWFaLr2MZHDy2a;2000;;;
NodeID-6dJ4KrCxTGAutCQchooQ3R1fHHSignFPg;2000;;;
NodeID-81U2wpq95De12KchbFhatf2fBt6KTFmAr;2000;;;
NodeID-2wHY941nvUSd49hzR2kjYVkBBi9CPr4sx;2000;;;
NodeID-K3n4zZpBC3iQjwaznFYDMzXU6kBgckws2;2000;;;
NodeID-Evf3PDU1AQdXhVYqW4yG2bbgCdABLsY4j;2000;;;
NodeID-Nwt9FUf7hcqUoKaRyAkTGyVTNJJKHYYWH;2000;;;
NodeID-5112GSewUcU6ex3zZhgGZodMKw1JHBV9f;2000;;;
NodeID-M64wor3rGStFTBWuzvkGPYYsWUu2dX7S2;2000;;;
NodeID-3AMVspPXZimHQ3yqWizDf1bcW3GjL2B2e;2000;;;
NodeID-2Vcp9g4z1KopgJT2m7S8QYyPCimqLfwtv;2000;;;
NodeID-NN6iut3SAWZqM56kbg8EhtpTU2NkMJgWV;2000;;;
NodeID-K3gyeR7GXuuf4coJXD4CxviWpRopysX4j;2000;;;
NodeID-4S5sLovGppHvP9uv4v6jZHV7JtASRpUUk;2000;;;
NodeID-Mu35k31HAXFbEp1SqJr1uUrue9nwqVFe6;2000;;;
NodeID-D47UrYCDdkfrDrv9gUvYKLUyT44TXYCJZ;2000;;;
NodeID-L3JrbBLmihsqtaXAPXg7acKQbGa9tjhEc;2000;;;
NodeID-KLPimX5rN51nsSg9UQQahoRvKapDLD1pc;2000;;;
NodeID-65KSgMC8R7CjSQoyBc85UMjW9YZ1cTKke;2000;;;
NodeID-5wCTAXLJSc5i9RpksPG5fFZXemq4dm2A6;2000;;;
NodeID-HbmSiec8zTKiPWxaBwStg58a3N5KePhC9;2000;;;
NodeID-G6nXgtucmeKn4nkCp8YTDdM4btVSnW4ad;2000;;;
NodeID-P6M41urqadxF7NBcxEHNFxKkGPkHjC95v;2000;;;
NodeID-23Xaok4Hr7SgTcCjjMnVsYJaN5cSZLR3Z;2000;;;
NodeID-5SmDUGU8WwZkvxKMnjwKAYvfa9w2qEe1U;2000;;;
NodeID-4ofBXitDMQ6QZi83yvPjCYn5LG6HBwqSn;2000;;;
NodeID-G8yv8mWQy8FLdFfAhJ4v294T5Z2DWDVEH;2000;;;
NodeID-Q44XVjVEhgxacoq2ETj7yLBuUra9ru2BA;2000;;;
NodeID-Ck4VEAv4JTMgnijLQDeGCWST8Zdgxe9Q6;2000;;;
NodeID-4AW19ZAJMCyr64UKfFAUhZXuZDtVshQ36;2000;;;
NodeID-6iLoGX7rEPJW2GZMekiNPEDNZKmsbn3iU;2000;;;
NodeID-Ma3Ztm2A48bCVjfiSmoZS5MKNzKVTRN7j;2000;;;
NodeID-DUmZowZh6nxKskHUybupqNAhnXVA5yQ1r;2000;;;
NodeID-FFWS6gV9FrKecNWCYJQuyR67t7GY6UiVq;2000;;;
NodeID-3K3PUAqo3cKxRoQyYto1EsXtuTHoDZ2B6;2000;;;
NodeID-9YqDsggitZTgCi2WnnrKBz3jAcD1S7oin;2000;;;
NodeID-AMMTYTe6uZR7yGL1AbEMuwYayd4N1J4bL;2000;;;
NodeID-4WGNJ4vv6bH3FLCJgovqn3D7RCJ8rKBDR;2000;;;
NodeID-3M5i35f5u99QbBn6fP1FzeAto7NA4TFKt;2000;;;
NodeID-D1rgZbjdrevpXXDF1orhAvnUmojVfeZwM;2000;;;
NodeID-HaxdTdeEr1sWMRZvXwRN2iotd6RYd9XYM;2000;;;
NodeID-JqXD8Tsj1nKXCBEp65ESmFhBrEhPL4WCs;2000;;;
NodeID-FZXnucjjMmoodVr3Wxxu9F8LULS37Qhpy;2000;;;
NodeID-3mvtMQ554k7VbrbYFUaNZR4JmeCoggD5P;2000;;;
NodeID-3iknBWGJowmNu2d63Qv7mRM52xoQ3mCoB;2000;;;
NodeID-D1H3GmiDVvoMsp3foTPmWi9YPXweYv9fn;2000;;;
NodeID-3douD9GDP69zSq1eMzRAYfKCUVtjEEUCt;2000;;;
NodeID-7a1GnsoFxviSiL8gJyFqrkazv29xY48mr;2000;;;
NodeID-PY3QRSGTdYzmPTQEwrH2AmYUMBnrcge9Y;2000;;;
NodeID-5Pg156uQvovbZQ3F6JKUiyAg5MrdFseMP;2000;;;
NodeID-57VYS3UDdnkurTnK9WVzfpNT4H4V2fCmT;2000;;;
NodeID-9UWtBGvW7G2RVSwcR15MS8gesUvLk6f24;2000;;;
NodeID-P2xEUig1YeBTwrUF3Xj52pxaNH6gSHjsb;2000;;;
NodeID-9hj2xhiHktPCpcD9koLLH17a1GKoWY7QQ;2000;;;
NodeID-FGt2J8WREPFbbTXgVU9YC5NjdERhoMa7E;2000;;;
Cadabra / Carnaval;2000;;;
NodeID-ZVLPagHUUrQ2vB7mjsWQ44wNGf5SVKKW;2000;;;
NodeID-EWmdnUhsVGSfZPnbuSodLUTA6ReJcXz8v;2000;;;
NodeID-79NUUnbkpDfvGzGtq3Q9FArGK9D1Wzpgq;2000;;;
NodeID-qyJZPRspVKhwXuaimMA7Ysvb5KYLeMjB;2000;;;
Swimmer Network / Swimmer 5;2000;;;
Dexalot / Dexalot2;2000;;;
NodeID-MJxeuvhNTrDk8mNA1w17FymiwjksGhs7A;2000;;;
NodeID-BXTBUqX8gitUDtVam4fhRWGD1SfeHGoBx;2000;;;
Dexalot / Dexalot4;2000;;;
Dexalot / Dexalot3;2000;;;
Dexalot / Dexalot5;2000;;;
Dexalot / Dexalot6;2000;;;
Dexalot / Dexalot7;2000;;;
Dexalot / Dexalot8;2000;;;
NodeID-GfRY31feBaTknS7uvpF7XHromUfckDeWh;2000;;;
NodeID-HUNYARt6cNSXgANtsSakokNpRCUKCFoVS;2000;;;
NodeID-ELcEoPFQPwAQmnndhM7QXtVc6sQiJiTHu;2000;;;
NodeID-31xXC3YuXN5S9Bv9d63kH7ev1vuQKG3wR;2000;;;
NodeID-62hKwt6g9MMngpDLHapNFJmxXRcDoe2sc;2000;;;
NodeID-ABaXv5WwxLamczWpE6o58Dm5FyngUbFrg;2000;;;
NodeID-26jY6nu8uyVyQLQpi3SMdvSTbMTZeajHD;2000;;;
Dexalot / Dexalot9;2000;;;
NodeID-8gLyc1WmUgnTJh6TAjg1nbqsqdF6xGSeL;2000;;;
Dexalot / Dexalot10;2000;;;
NodeID-CF8WKgeNBHxWFmijN7tysmmRSHfJFEKD9;2000;;;
NodeID-M9Q4Fc2StCtFCofjppsy6DC7JDGmtRfUA;2000;;;
NodeID-GwcsDtmQrD8thUHiQWgrpRvhuMjxTqZP6;2000;;;
Cadabra / OcktoberFest;2000;;;
NodeID-PsW1pVU1Wc6pfB1VqDCaNSJexbzb2c8qT;2000;;;
NodeID-Gmitibwg27b6WqHLjqmGiXZAh1kmZVq5P;2000;;;
NodeID-7QpkEAvjmwVr1vGJX5ruoh4mcN5Rv7Dt6;2000;;;
NodeID-FFi7jAz8UyDsyFso9LvFUZR5CChhcoK12;2000;;;
NodeID-yR1d9qN9zWBG259hQJYh2N2ARtx5BEQi;2000;;;
NodeID-59mPrDyPrj1gsFBwnLM5p7q2DFf9KnPks;2000;;;
NodeID-NfQHpPQX6k4hGc4otwr34n4q7tzhbrb2h;2000;;;
NodeID-9eV4TaJSz7YhxAiTxw2wbZFk6R9KXfZe7;2000;;;
NodeID-LKWc9SXPXH3hNbXhKKAwJGLaXam9n87eK;2000;;;
NodeID-D222tpNhwWwnHoKdjAeaorn2G7YmzRrUz;2000;;;
NodeID-KeyQeQwf1D4bzdcHVP34xXXWhJzFjVTSj;2000;;;
NodeID-9W5RaY7LA6so9hGCPGfLezBXMnWNRQb8V;2000;;;
NodeID-7hnK4EoWzm7V5qFPqJvpcRQti59au2BD8;2000;;;
NodeID-C6b58cQGYSqm1FeQyvXKXUgZ3R7Q9D9es;2000;;;
NodeID-Fd4DMc88ELLiTHHSLVZ7L4MB3Z7jbDEAy;2000;;;
NodeID-GuTDsR1tBFgQUbKqCf7J29yBo8ofudHEZ;2000;;;
NodeID-2pNQqfaBqMqwWgeJiqPbmHZk1cUtWcjqb;2000;;;
NodeID-Q5xvrPQSjHhJX8eLKbBnZMWbS648NqnsZ;2000;;;
NodeID-8es5pW8tzwZSDMpNe8rq4X6f47VDi4YnM;2000;;;
NodeID-K3Jxj6JJnoZuMxSgZqG2ttbr8khG1Jo6L;2000;;;
NodeID-GmwjGqUq8s6kKuyWT6maWFaLr2MZHDy2a;2000;;;
NodeID-6dJ4KrCxTGAutCQchooQ3R1fHHSignFPg;2000;;;
NodeID-2wHY941nvUSd49hzR2kjYVkBBi9CPr4sx;2000;;;
NodeID-K3n4zZpBC3iQjwaznFYDMzXU6kBgckws2;2000;;;
NodeID-Evf3PDU1AQdXhVYqW4yG2bbgCdABLsY4j;2000;;;
NodeID-Nwt9FUf7hcqUoKaRyAkTGyVTNJJKHYYWH;2000;;;
NodeID-5112GSewUcU6ex3zZhgGZodMKw1JHBV9f;2000;;;
NodeID-2Vcp9g4z1KopgJT2m7S8QYyPCimqLfwtv;2000;;;
NodeID-K3gyeR7GXuuf4coJXD4CxviWpRopysX4j;2000;;;
NodeID-Mu35k31HAXFbEp1SqJr1uUrue9nwqVFe6;2000;;;
NodeID-65KSgMC8R7CjSQoyBc85UMjW9YZ1cTKke;2000;;;
NodeID-5wCTAXLJSc5i9RpksPG5fFZXemq4dm2A6;2000;;;
NodeID-G6nXgtucmeKn4nkCp8YTDdM4btVSnW4ad;2000;;;
NodeID-P6M41urqadxF7NBcxEHNFxKkGPkHjC95v;2000;;;
NodeID-5SmDUGU8WwZkvxKMnjwKAYvfa9w2qEe1U;2000;;;
NodeID-G8yv8mWQy8FLdFfAhJ4v294T5Z2DWDVEH;2000;;;
NodeID-4AW19ZAJMCyr64UKfFAUhZXuZDtVshQ36;2000;;;
NodeID-Ma3Ztm2A48bCVjfiSmoZS5MKNzKVTRN7j;2000;;;
NodeID-DUmZowZh6nxKskHUybupqNAhnXVA5yQ1r;2000;;;
NodeID-3K3PUAqo3cKxRoQyYto1EsXtuTHoDZ2B6;2000;;;
NodeID-AMMTYTe6uZR7yGL1AbEMuwYayd4N1J4bL;2000;;;
NodeID-3mvtMQ554k7VbrbYFUaNZR4JmeCoggD5P;2000;;;
NodeID-D1H3GmiDVvoMsp3foTPmWi9YPXweYv9fn;2000;;;
NodeID-7a1GnsoFxviSiL8gJyFqrkazv29xY48mr;2000;;;
NodeID-PY3QRSGTdYzmPTQEwrH2AmYUMBnrcge9Y;2000;;;
NodeID-57VYS3UDdnkurTnK9WVzfpNT4H4V2fCmT;2000;;;
NodeID-P2xEUig1YeBTwrUF3Xj52pxaNH6gSHjsb;2000;;;
NodeID-FGt2J8WREPFbbTXgVU9YC5NjdERhoMa7E;2000;;;
Cadabra / Carnaval;2000;;;
NodeID-EWmdnUhsVGSfZPnbuSodLUTA6ReJcXz8v;2000;;;
NodeID-79NUUnbkpDfvGzGtq3Q9FArGK9D1Wzpgq;2000;;;
NodeID-Jmvu5u8svgTa716m6xBEcrB6wweP9tX5h;2000;;;
NodeID-AV1uDZqWGSheRS3M6RHUbQJHDGXy6f8Y7;2000;;;
NodeID-Jz9EUhGBC19bzUE7kurEPyoKTRjVMgi3v;2000;;;
NodeID-93LVjgmjMcBmcJSByxYiTuyPNbdVw9q3n;2000;;;
NodeID-LbAkNKxyv3kCs1C2ngkb91STbKpYHKs1q;2000;;;
NodeID-aFRSyUykQjScZiWASVqmdTGzBfV9KKj1;2000;;;
NodeID-GU7boimY7cxeqdDmnPRyYrwLiRmwiHxhn;2000;;;
NodeID-CoRQHCd3aSKe7FrhHSUnvNVZzW52xu2YA;2000;;;
NodeID-CGrPauwXiEvvY3yLBxR9HM25B8HpNTVfV;2000;;;
